City,City
Basel,Basel
Niushan,Niushan
Beaumont-Hague,Beaumont-Hague
Sankt Anton am Arlberg,Sankt Anton am Arlberg
Satapuala,Satapuala
Linyi,Linyi
Rionegro,Rionegro
De Soto,De Soto
Itanhaém,Itanhaém
Mbandaka,Mbandaka
Madivaru,Madivaru
La Orilla,La Orilla
Arequipa,Arequipa
Warrenton,Warrenton
Mengfeng,Mengfeng
Labu,Labu
Manta,Manta
Dazhou,Dazhou
Berenice City,Berenice City
Kukës,Kukës
Tauá,Tauá
Orvakal,Orvakal
Ezhou,Ezhou
Fuzuli,Fuzuli
Kolaka,Kolaka
Angra dos Reis,Angra dos Reis
Zhaodong,Zhaodong
Majialin Village,Majialin Village
Cairu,Cairu
Ampara,Ampara
São Roque,São Roque
Billund,Billund
São Benedito,São Benedito
Spata,Spata
Orsha,Orsha
Aleksandrovsk-Sakhalinskiy,Aleksandrovsk-Sakhalinskiy
Mehamn,Mehamn
Meridian,Meridian
Attwood,Attwood
Southaven,Southaven
Mende,Mende
Freeland,Freeland
Heatherton,Heatherton
Moberly,Moberly
Avoca,Avoca
Doha,Doha
Ganja,Ganja
Blangkejeren,Blangkejeren
Manteo,Manteo
Suifenhe,Suifenhe
Bharatpur,Bharatpur
El Hassana,El Hassana
Vacaria,Vacaria
Batu Berendam,Batu Berendam
McAlester,McAlester
Gondia,Gondia
Algeciras,Algeciras
Male,Male
Anqing,Anqing
Crateus,Crateus
Al Qaysumah,Al Qaysumah
Aqaba,Aqaba
Singosari,Singosari
Livingstone,Livingstone
Pantar,Pantar
Madison,Madison
Moab,Moab
Saurimo,Saurimo
Sanjwal,Sanjwal
Xinglong,Xinglong
Meknes,Meknes
Patos,Patos
Paragominas,Paragominas
Paraty,Paraty
Niagara-on-the-Lake,Niagara-on-the-Lake
Macae,Macae
Melfi,Melfi
Newman,Newman
Kennewick,Kennewick
Cody,Cody
Malanje,Malanje
Mersing,Mersing
Bandung,Bandung
Koh Kong,Koh Kong
Vadodara,Vadodara
Meadville,Meadville
Elizabeth,Elizabeth
Meulaboh,Meulaboh
Apui,Apui
Almeirim,Almeirim
Richland,Richland
Merced,Merced
Medan,Medan
Muzaffarabad,Muzaffarabad
Marshfield,Marshfield
Koch Bihar,Koch Bihar
Kudahuvadhoo,Kudahuvadhoo
Angamali,Angamali
Kettering,Kettering
Jiande,Jiande
Les Cayes,Les Cayes
Nangan,Nangan
Mweka,Mweka
Moanda,Moanda
Sapporo,Sapporo
Miraflores,Miraflores
Santa Teresa,Santa Teresa
Maradi,Maradi
Pofadder,Pofadder
Darbhanga,Darbhanga
Dodge City,Dodge City
Medford,Medford
La Paz,La Paz
Correia Pinto,Correia Pinto
Errachidia,Errachidia
Fairview,Fairview
Erenhot,Erenhot
Topsham,Topsham
Kill Devil Hills,Kill Devil Hills
Terney,Terney
Liupanshui,Liupanshui
Eliwana,Eliwana
Lampang,Lampang
Jablah,Jablah
Malden,Malden
Ouro Sogui,Ouro Sogui
Mombasa,Mombasa
Myeik,Myeik
Mashhad,Mashhad
Gonesse,Gonesse
Lambarene,Lambarene
Yopal,Yopal
Stock Island,Stock Island
Ezeiza,Ezeiza
Chenzhou,Chenzhou
Hesingue,Hesingue
Mudgee,Mudgee
Dumaguete,Dumaguete
Masoyila,Masoyila
Marinette,Marinette
Kabalo,Kabalo
K. I. Sawyer Air Force Base,K. I. Sawyer Air Force Base
Mannheim,Mannheim
Marsh Harbour,Marsh Harbour
Ogden,Ogden
Mariehamn,Mariehamn
Woolgoolga,Woolgoolga
Moundou,Moundou
Port Elizabeth,Port Elizabeth
London,London
Ingenio,Ingenio
Lobatse,Lobatse
Ginebra,Ginebra
Linkoping,Linkoping
Amahai,Amahai
Trollenhagen,Trollenhagen
Machico,Machico
Funadhoo,Funadhoo
Hamilton,Hamilton
Mariquita,Mariquita
Addis Ababa,Addis Ababa
Martinsburg,Martinsburg
Masterton,Masterton
Masiga,Masiga
Mattoon,Mattoon
Orchard Homes,Orchard Homes
Richfield,Richfield
Smilavichy,Smilavichy
La Plata,La Plata
San Juan de Payara,San Juan de Payara
Lipetsk,Lipetsk
LaPorte,LaPorte
Grobina,Grobina
Saint-Paulien,Saint-Paulien
Puerto Francisco de Orellana,Puerto Francisco de Orellana
Nacogdoches,Nacogdoches
Reydarfjoerdur,Reydarfjoerdur
Katsina,Katsina
Isle of Islay,Isle of Islay
Burang,Burang
Showt,Showt
Abidjan,Abidjan
North Lakhimpur,North Lakhimpur
Pickens,Pickens
Puerto Leguizamo,Puerto Leguizamo
Leribe,Leribe
Ploemeur,Ploemeur
Mesilla,Mesilla
Jammu,Jammu
Caraballeda,Caraballeda
Lordsburg,Lordsburg
Mount Vernon,Mount Vernon
Lusk,Lusk
Sungai Nyamuk,Sungai Nyamuk
Los Banos,Los Banos
Les Sables-d'Olonne,Les Sables-d'Olonne
Los Angeles,Los Angeles
Pahrump,Pahrump
Al Awjam,Al Awjam