source-Company,target-Company
AAON Inc. Common Stock,AAON Inc.
Advance Auto Parts Inc.,Advance Auto Parts Inc.
Apple Inc. Common Stock,Apple Inc.
ABB Ltd Common Stock,ABB Ltd
AbbVie Inc. Common Stock,AbbVie Inc.
Ameris Bancorp Common Stock,Ameris Bancorp
ABIOMED Inc. Common Stock,ABIOMED Inc.
Arcosa Inc. Common Stock,Arcosa Inc.
Accolade Inc. Common Stock,Accolade Inc.
ProFrac Holding Corp. Warrant,ProFrac Holding Corp. Warrant
Accel Entertainment Inc.,Accel Entertainment Inc.
Adicet Bio Inc. Common Stock,Adicet Bio Inc.
AC Immune SA Common Stock,AC Immune SA
Arcellx Inc. Common Stock,Arcellx Inc.
AECOM Common Stock,AECOM
ACNB Corporation Common Stock,ACNB Corporation
Aclarion Inc. Common Stock,Aclarion Inc.
Aclarion Inc. Warrant,Aclarion Inc. Warrant
Adobe Inc. Common Stock,Adobe Inc.
Adeia Inc. Common Stock,Adeia Inc.
Adient plc Ordinary Shares,Adient plc Ordinary Shares
Edoc Acquisition Corp. Right,Edoc Acquisition Corp. Right
ADS-TEC ENERGY PLC Warrant,ADS-TEC ENERGY PLC Warrant
Autodesk Inc. Common Stock,Autodesk
ADT Inc. Common Stock,ADT Inc.
Aditxt Inc. Common Stock,Aditxt Inc.
AEGON N.V. Common Stock,AEGON N.V.
Alset Inc. Common Stock (TX),Alset Inc. (TX)
AudioEye Inc. Common Stock,AudioEye Inc.
AF Acquisition Corp. Units,AF Acquisition Corp. Units
AF Acquisition Corp. Warrants,AF Acquisition Corp. Warrants
AFC Gamma Inc. Common Stock,AFC Gamma Inc.
Affimed N.V.,Affimed N.V.
Forafric Global PLC Warrants,Forafric
AGCO Corporation Common Stock,AGCO Corporation
Agenus Inc. Common Stock,Agenus Inc.
Agile Growth Corp. Units,Agile Growth Corp. Units
Agile Growth Corp. Warrant.,Agile Growth Corp. Warrant.
Avangrid Inc. Common Stock,Avangrid Inc.
Adecoagro S.A. Common Shares,Adecoagro S.A. Common Shares
PlayAGS Inc. Common Stock,PlayAGS Inc.
Agiliti Inc. Common Stock,Agiliti Inc.
Argan Inc. Common Stock,Argan Inc.
Akso Health Group ADS,Akso Health Group ADS
Ainos Inc. Common Stock,Ainos Inc.
Ainos Inc. Warrants,Ainos Inc. Warrants
Arteris Inc. Common Stock,Arteris Inc.
AAR Corp. Common Stock,AAR Corp.
Airgain Inc. Common Stock,Airgain Inc.
Air T Inc. Common Stock,Air T Inc.
Meta Data Limited ADS,Meta Data Limited ADS
Assurant Inc. Common Stock,Assurant Inc.
Great Ajax Corp. Common Stock,Great Ajax Corp.
Akanda Corp. Common Shares,Akanda Corp. Common Shares
Akili Inc. Common Stock,Akili Inc.
Embotelladora Andina S.A.,Embotelladora Andina S.A.
Embotelladora Andina S.A.,Embotelladora Andina S.A.
Akari Therapeutics plc ADS,Akari Therapeutics plc ADS
Akumin Inc. Common Stock (DE),Akumin Inc. (DE)
Akouos Inc. Common Stock,Akouos Inc.
Alcon Inc. Ordinary Shares,Alcon Inc. Ordinary Shares
Alico Inc. Common Stock,Alico Inc.
Allete Inc.,Allete Inc.
Alector Inc. Common Stock,Alector Inc.
Alamo Group Inc. Common Stock,Alamo Group Inc.
Alkermes plc Ordinary Shares,Alkermes plc Ordinary Shares
Allegion plc Ordinary Shares,Allegion plc Ordinary Shares
Allego N.V. Ordinary Share,Allego N.V. Ordinary Share
Allakos Inc. Common Stock,Allakos Inc.
Allot Ltd. Ordinary Shares,Allot Ltd. Ordinary Shares
AstroNova Inc. Common Stock,AstroNova Inc.
AlerisLife Inc. Common Stock,AlerisLife Inc.
Altimmune Inc. Common Stock,Altimmune Inc.
Autoliv Inc. Common Stock,Autoliv Inc.
Alvotech Ordinary Shares,Alvotech Ordinary Shares
Alvotech Warrant,Alvotech Warrant
AlloVir Inc. Common Stock,AlloVir Inc.
Alexander's Inc. Common Stock,Alexander's Inc.
Amcor plc Ordinary Shares,Amcor plc Ordinary Shares
AMETEK Inc.,AMETEK Inc.
Amedisys Inc Common Stock,Amedisys Inc
Amgen Inc. Common Stock,Amgen Inc.
Amplitech Group Inc. Warrants,Amplitech Group Inc. Warrants
Amarin Corporation plc,Amarin Corporation plc
Amyris Inc. Common Stock,Amyris Inc.
AMERISAFE Inc. Common Stock,AMERISAFE Inc.
Amesite Inc. Common Stock,Amesite Inc.
Amazon.com Inc. Common Stock,Amazon.com Inc.
AutoNation Inc. Common Stock,AutoNation Inc.
AnaptysBio Inc. Common Stock,AnaptysBio Inc.
Anghami Inc. Ordinary Shares,Anghami Inc. Ordinary Shares
Anghami Inc. Warrants,Anghami Inc. Warrants
ANI Pharmaceuticals Inc.,ANI Pharmaceuticals Inc.
Annexon Inc. Common Stock,Annexon Inc.
ANSYS Inc. Common Stock,ANSYS Inc.
Annovis Bio Inc. Common Stock,Annovis Bio Inc.
Sphere 3D Corp. Common Shares,Sphere 3D Corp. Common Shares
Artivion Inc. Common Stock,Artivion Inc.
APA Corporation Common Stock,APA Corporation
Apexigen Inc. Common Stock,Apexigen Inc.
Apexigen Inc. Warrant,Apexigen Inc. Warrant
AppHarvest Inc. Common Stock,AppHarvest Inc.
AppHarvest Inc. Warrants,AppHarvest Inc. Warrants
Aptiv PLC Ordinary Shares,Aptiv PLC Ordinary Shares
Aptinyx Inc. Common Stock,Aptinyx Inc.
APx Acquisition Corp. I Unit,APx Acquisition Corp. I Unit
Aqua Metals Inc. Common Stock,Aqua Metals Inc.
Aravive Inc. Common Stock,Aravive Inc.
Arbe Robotics Ltd. Warrant,Arbe Robotics Ltd. Warrant
Aequi Acquisition Corp. Unit,Aequi Acquisition Corp. Unit
Ardelyx Inc. Common Stock,Ardelyx Inc.
Argus Capital Corp. Unit,Argus Capital Corp. Unit
Argus Capital Corp. Warrant,Argus Capital Corp. Warrant
Arisz Acquisition Corp. Right,Arisz Acquisition Corp. Right
ARKO Corp. Common Stock,ARKO Corp.
ARKO Corp. Warrant,ARKO Corp. Warrant
Aramark Common Stock,Aramark
Archrock Inc. Common Stock,Archrock Inc.
Arqit Quantum Inc. Warrants,Arqit Quantum Inc. Warrants
ARMOUR Residential REIT Inc.,ARMOUR Residential REIT Inc.
Arrival Ordinary Shares,Arrival Ordinary Shares
Arvinas Inc. Common Stock,Arvinas Inc.
Sendas Distribuidora S A ADS,Sendas Distribuidora S A ADS
Astrea Acquisition Corp. Unit,Astrea Acquisition Corp. Unit
Ashland Inc. Common Stock,Ashland Inc.
AdvanSix Inc. Common Stock,AdvanSix Inc.
ABRI SPAC I INC. Common Stock,ABRI SPAC I INC.
ABRI SPAC I INC. Warrant,ABRI SPAC I INC. Warrant
Aspen Group Inc. Common Stock,Aspen Group Inc.
AST SpaceMobile Inc. Warrant,AST SpaceMobile Inc. Warrant
Atlas Corp. Common Shares,Atlas Corp. Common Shares
Atlas Corp. 7.95% Series D,Atlas Corp. 7.95% Series D
Atlas Corp. 7.875% Series H,Atlas Corp. 7.875% Series H
Aterian Inc. Common Stock,Aterian Inc.
Anterix Inc. Common Stock,Anterix Inc.
Athersys Inc. Common Stock,Athersys Inc.
ATI Inc. Common Stock,ATI Inc.
Atkore Inc. Common Stock,Atkore Inc.
Athenex Inc. Common Stock,Athenex Inc.
AptarGroup Inc. Common Stock,AptarGroup Inc.
AtriCure Inc. Common Stock,AtriCure Inc.
Atento S.A. Ordinary Shares,Atento S.A. Ordinary Shares
Audacy Common Stock,Audacy
AudioCodes Ltd. Common Stock,AudioCodes Ltd.
Augmedix Inc. Common Stock,Augmedix Inc.
authID Inc. Common Stock,authID Inc.
Aurora Acquisition Corp. Unit,Aurora Acquisition Corp. Unit
Auddia Inc. Common Stock,Auddia Inc.
Auddia Inc. Warrants,Auddia Inc. Warrants
Applied UV Inc. Common Stock,Applied UV Inc.
Broadcom Inc. Common Stock,Broadcom Inc.
Avinger Inc. Common Stock,Avinger Inc.
AvePoint Inc. Warrant,AvePoint Inc. Warrant
AVROBIO Inc. Common Stock,AVROBIO Inc.
Avnet Inc. Common Stock,Avnet Inc.
Avantor Inc. Common Stock,Avantor Inc.
Aware Inc. Common Stock,Aware Inc.
Axogen Inc. Common Stock,Axogen Inc.
Axonics Inc. Common Stock,Axonics Inc.
AXT Inc Common Stock,AXT Inc
Acuity Brands Inc.,Acuity Brands Inc.
AYRO Inc. Common Stock,AYRO Inc.
AutoZone Inc. Common Stock,AutoZone Inc.
Azenta Inc.,Azenta Inc.
AZZ Inc.,AZZ Inc.
Braskem SA ADR,Braskem SA ADR
Ball Corporation Common Stock,Ball Corporation
Credicorp Ltd. Common Stock,Credicorp Ltd.
Couchbase Inc. Common Stock,Couchbase Inc.
BigBear.ai Inc. Common Stock,BigBear.ai Inc.
Banco BBVA Argentina S.A. ADS,Banco BBVA Argentina S.A. ADS
Barings BDC Inc. Common Stock,Barings BDC Inc.
Bone Biologics Corp Warrants,Bone Biologics Corp Warrants
Bath & Body Works Inc.,Bath & Body Works Inc.
BioAtla Inc. Common Stock,BioAtla Inc.
BioCardia Inc. Common Stock,BioCardia Inc.
BioCardia Inc. Warrant,BioCardia Inc. Warrant
BCE Inc. Common Stock,BCE Inc.
BayCom Corp Common Stock,BayCom Corp
Blucora Inc. Common Stock,Blucora Inc.
Brightcove Inc. Common Stock,Brightcove Inc.
Barclays PLC Common Stock,Barclays PLC
Bancroft Fund Ltd.,Bancroft Fund Ltd.
Belden Inc Common Stock,Belden Inc
Biodesix Inc. Common Stock,Biodesix Inc.
Heartbeam Inc. Common Stock,Heartbeam Inc.
Heartbeam Inc. Warrant,Heartbeam Inc. Warrant
Beam Global Common Stock,Beam Global
Beam Global Warrant,Beam Global Warrant
Brown Forman Corporation,Brown Forman Corporation
Brown Forman Corporation,Brown Forman Corporation
Biofrontera Inc. Common Stock,Biofrontera Inc.
Biofrontera Inc. Warrants,Biofrontera Inc. Warrants
Bunge Limited Bunge Limited,Bunge Limited Bunge Limited
Birks Group Inc. Common Stock,Birks Group Inc.
Berkshire Grey Inc. Warrant,Berkshire Grey Inc. Warrant
BGSF Inc. Common Stock,BGSF Inc.
Benson Hill Inc. Common Stock,Benson Hill Inc.
Biohaven Ltd. Common Shares,Biohaven Ltd. Common Shares
Baidu Inc. ADS,Baidu Inc. ADS
Big Lots Inc. Common Stock,Big Lots Inc.
Biogen Inc. Common Stock,Biogen Inc.
Bio-Rad Laboratories Inc.,Bio-Rad Laboratories Inc.
Biocept Inc. Common Stock,Biocept Inc.
Biolase Inc. Common Stock,Biolase Inc.
Bitfarms Ltd. Common Stock,Bitfarms Ltd.
BankUnited Inc. Common Stock,BankUnited Inc.
BlackLine Inc. Common Stock,BlackLine Inc.
TopBuild Corp. Common Stock,TopBuild Corp.
bleuacacia ltd Rights,bleuacacia ltd Rights
bleuacacia ltd Warrants,bleuacacia ltd Warrants
BlackRock Inc. Common Stock,BlackRock Inc.
Blackbaud Inc. Common Stock,Blackbaud Inc.
Blink Charging Co. Warrant,Blink Charging Co. Warrant
Bank Of Montreal Common Stock,Bank Of Montreal
Biomerica Inc. Common Stock,Biomerica Inc.
Bionano Genomics Inc. Warrant,Bionano Genomics Inc. Warrant
DMC Global Inc. Common Stock,DMC Global Inc.
Box Inc. Class A Common Stock,Box Inc. Class A
Boxed Inc. Common Stock,Boxed Inc.
BP p.l.c. Common Stock,BP p.l.c.
Popular Inc. Common Stock,Popular Inc.
BRC Inc. Class A Common Stock,BRC Inc. Class A
BRF S.A.,BRF S.A.
Berkshire Hathaway Inc.,Berkshire Hathaway Inc.
Berkshire Hathaway Inc.,Berkshire Hathaway Inc.
Bruush Oral Care Inc. Warrant,Bruush Oral Care Inc. Warrant
Banco Santander - Chile ADS,Banco Santander - Chile ADS
Sierra Bancorp Common Stock,Sierra Bancorp
Bank7 Corp. Common stock,Bank7 Corp.
BT Brands Inc. Common Stock,BT Brands Inc.
BT Brands Inc. Warrant,BT Brands Inc. Warrant
BIT Mining Limited ADS,BIT Mining Limited ADS
BTCS Inc. Common Stock,BTCS Inc.
Biotricity Inc. Common Stock,Biotricity Inc.
Biote Corp. Warrant,Biote Corp. Warrant
BorgWarner Inc. Common Stock,BorgWarner Inc.
Broadwind Inc. Common Stock,Broadwind Inc.
Blackstone Inc. Common Stock,Blackstone Inc.
Baudax Bio Inc. Common Stock,Baudax Bio Inc.
Beyond Meat Inc. Common Stock,Beyond Meat Inc.
BuzzFeed Inc. Warrant,BuzzFeed Inc. Warrant
Citigroup Inc. Common Stock,Citigroup Inc.
Cable One Inc. Common Stock,Cable One Inc.
Cadence Bank Common Stock,Cadence Bank
Cadence Bank 5.50% Series A,Cadence Bank 5.50% Series A
CAE Inc. Ordinary Shares,CAE Inc. Ordinary Shares
Caleres Inc. Common Stock,Caleres Inc.
Calix Inc Common Stock,Calix Inc
CalAmp Corp. Common Stock,CalAmp Corp.
Camtek Ltd. Ordinary Shares,Camtek Ltd. Ordinary Shares
Can B Corp.,Can B Corp.
Cars.com Inc. Common Stock,Cars.com Inc.
Caterpillar Inc. Common Stock,Caterpillar Inc.
Chubb Limited Common Stock,Chubb Limited
Chain Bridge I Units,Chain Bridge I Units
Chain Bridge I Warrants,Chain Bridge I Warrants
CBIZ Inc. Common Stock,CBIZ Inc.
Crown Holdings Inc.,Crown Holdings Inc.
Comcast Holdings ZONES,Comcast Holdings ZONES
Cardlytics Inc. Common Stock,Cardlytics Inc.
CareDx Inc. Common Stock,CareDx Inc.
CDW Corporation Common Stock,CDW Corporation
Codexis Inc. Common Stock,Codexis Inc.
CADIZ Inc. Common Stock,CADIZ Inc.
Cadiz Inc. Depositary Shares,Cadiz Inc. Depositary Shares
CEA Industries Inc. Warrant,CEA Industries Inc. Warrant
Celcuity Inc. Common Stock,Celcuity Inc.
Celularity Inc. Warrant,Celularity Inc. Warrant
CENAQ Energy Corp. Unit,CENAQ Energy Corp. Unit
CENAQ Energy Corp. Warrant,CENAQ Energy Corp. Warrant
Crestwood Equity Partners LP,Crestwood Equity Partners LP
Certara Inc. Common Stock,Certara Inc.
Cemtrex Inc. Common Stock,Cemtrex Inc.
CEVA Inc. Common Stock,CEVA Inc.
CF Acquisition Corp. IV Unit,CF Acquisition Corp. IV Unit
Conformis Inc. Common Stock,Conformis Inc.
Compugen Ltd. Ordinary Shares,Compugen Ltd. Ordinary Shares
Chemed Corp,Chemed Corp
Check-Cap Ltd. Ordinary Share,Check-Cap Ltd. Ordinary Share
Chegg Inc. Common Stock,Chegg Inc.
Chico's FAS Inc. Common Stock,Chico's FAS Inc.
Chunghwa Telecom Co. Ltd.,Chunghwa Telecom Co. Ltd.
BanColombia S.A. Common Stock,BanColombia S.A.
Cipher Mining Inc. Warrant,Cipher Mining Inc. Warrant
Cingulate Inc. Common Stock,Cingulate Inc.
Cingulate Inc. Warrants,Cingulate Inc. Warrants
Cartica Acquisition Corp Unit,Cartica Acquisition Corp Unit
CKX Lands Inc. Common Stock,CKX Lands Inc.
Cellebrite DI Ltd. Warrants,Cellebrite DI Ltd. Warrants
Celldex Therapeutics Inc.,Celldex Therapeutics Inc.
Clearfield Inc. Common Stock,Clearfield Inc.
Clene Inc. Common Stock,Clene Inc.
Clene Inc. Warrant,Clene Inc. Warrant
ClimateRock Right,ClimateRock Right
ClimateRock Unit,ClimateRock Unit
Clarim Acquisition Corp. Unit,Clarim Acquisition Corp. Unit
Celestica Inc. Common Stock,Celestica Inc.
CleanSpark Inc. Common Stock,CleanSpark Inc.
Clarivate Plc Ordinary Shares,Clarivate Plc Ordinary Shares
Calyxt Inc. Common Stock,Calyxt Inc.
CareMax Inc. Warrant,CareMax Inc. Warrant
Cummins Inc. Common Stock,Cummins Inc.
CompoSecure Inc. Warrant,CompoSecure Inc. Warrant
Chimerix Inc. Common Stock,Chimerix Inc.
Centogene N.V. Common Shares,Centogene N.V. Common Shares
Cohen & Company Inc.,Cohen & Company Inc.
Coherent Corp. Common Stock,Coherent Corp.
Cohu Inc. Common Stock,Cohu Inc.
Colicity Inc. Units,Colicity Inc. Units
Colicity Inc. Warrant,Colicity Inc. Warrant
Conn's Inc. Common Stock,Conn's Inc.
CONX Corp. Unit,CONX Corp. Unit
CONX Corp. Warrant,CONX Corp. Warrant
Traeger Inc. Common Stock,Traeger Inc.
ConocoPhillips Common Stock,ConocoPhillips
Core Scientific Inc. Warrant,Core Scientific Inc. Warrant
Coursera Inc. Common Stock,Coursera Inc.
COVA Acquisition Corp. Unit,COVA Acquisition Corp. Unit
Copart Inc. (DE) Common Stock,Copart Inc. (DE)
Cepton Inc. Common Stock,Cepton Inc.
Cepton Inc. Warrant,Cepton Inc. Warrant
Crawford & Company,Crawford & Company
Crawford & Company,Crawford & Company
Carter's Inc. Common Stock,Carter's Inc.
Curis Inc. Common Stock,Curis Inc.
Salesforce Inc. Common Stock,Salesforce Inc.
CorMedix Inc. Common Stock,CorMedix Inc.
Cerence Inc. Common Stock,Cerence Inc.
Crocs Inc. Common Stock,Crocs Inc.
CorVel Corp. Common Stock,CorVel Corp.
Crown Crafts Inc Common Stock,Crown Crafts Inc
Cosan S.A. ADS,Cosan S.A. ADS
CSP Inc. Common Stock,CSP Inc.
CSX Corporation Common Stock,CSX Corporation
Yunhong CTI Ltd. Common Stock,Yunhong CTI Ltd.
Cantaloupe Inc. Common Stock,Cantaloupe Inc.
Catalent Inc. Common Stock,Catalent Inc.
Castellum Inc. Common Stock,Castellum Inc.
Citi Trends Inc. Common Stock,Citi Trends Inc.
CTS Corporation Common Stock,CTS Corporation
Innovid Corp. Common Stock,Innovid Corp.
Corteva Inc. Common Stock,Corteva Inc.
CubeSmart Common Shares,CubeSmart Common Shares
Cuentas Inc. Common Stock,Cuentas Inc.
Cuentas Inc. Warrant,Cuentas Inc. Warrant
Carnival Plc ADS ADS,Carnival Plc ADS ADS
Culp Inc. Common Stock,Culp Inc.
CuriosityStream Inc. Warrant,CuriosityStream Inc. Warrant
Cutera Inc. Common Stock,Cutera Inc.
CureVac N.V. Ordinary Shares,CureVac N.V. Ordinary Shares
CVR Energy Inc. Common Stock,CVR Energy Inc.
CVRx Inc. Common Stock,CVRx Inc.
CohBar Inc. Common Stock,CohBar Inc.
Crexendo Inc. Common Stock,Crexendo Inc.
CoreCivic Inc. Common Stock,CoreCivic Inc.
Cybin Inc. Common Shares,Cybin Inc. Common Shares
Cyngn Inc. Common Stock,Cyngn Inc.
CYREN Ltd. Ordinary Shares,CYREN Ltd. Ordinary Shares
CryoPort Inc. Common Stock,CryoPort Inc.
Daktronics Inc. Common Stock,Daktronics Inc.
DatChat Inc. Common Stock,DatChat Inc.
Dave Inc. Warrants,Dave Inc. Warrants
Deutsche Bank AG Common Stock,Deutsche Bank AG
DigitalBridge Group Inc.,DigitalBridge Group Inc.
Docebo Inc. Common Shares,Docebo Inc. Common Shares
Tritium DCFC Limited Warrant,Tritium DCFC Limited Warrant
DocGo Inc. Common Stock,DocGo Inc.
Dillard's Inc. Common Stock,Dillard's Inc.
Dillard's Capital Trust I,Dillard's Capital Trust I
Deere & Company Common Stock,Deere & Company
Denbury Inc. Common Stock,Denbury Inc.
Diageo plc Common Stock,Diageo plc
DHB Capital Corp. Unit,DHB Capital Corp. Unit
DHB Capital Corp. Warrant,DHB Capital Corp. Warrant
DHC Acquisition Corp. Unit,DHC Acquisition Corp. Unit
DHC Acquisition Corp. Warrant,DHC Acquisition Corp. Warrant
D.R. Horton Inc. Common Stock,D.R. Horton Inc.
DHT Holdings Inc.,DHT Holdings Inc.
DHI Group Inc. Common Stock,DHI Group Inc.
1stdibs.com Inc. Common Stock,1stdibs.com Inc.
DLH Holdings Corp.,DLH Holdings Corp.
Dollar Tree Inc. Common Stock,Dollar Tree Inc.
DermTech Inc. Common Stock,DermTech Inc.
Codex DNA Inc. Common Stock,Codex DNA Inc.
NOW Inc. Common Stock,NOW Inc.
DocuSign Inc. Common Stock,DocuSign Inc.
Dole plc Ordinary Shares,Dole plc Ordinary Shares
Dow Inc. Common Stock,Dow Inc.
Draganfly Inc. Common Shares,Draganfly Inc. Common Shares
Dril-Quip Inc. Common Stock,Dril-Quip Inc.
Drive Shack Inc.,Drive Shack Inc.
Drive Shack Inc. Pfd Ser D,Drive Shack Inc. Pfd Ser D
Daseke Inc. Common Stock,Daseke Inc.
DSS Inc. Common Stock,DSS Inc.
Dynatrace Inc. Common Stock,Dynatrace Inc.
DAVIDsTEA Inc. Common Stock,DAVIDsTEA Inc.
Datasea Inc. Common Stock,Datasea Inc.
DaVita Inc. Common Stock,DaVita Inc.
DexCom Inc. Common Stock,DexCom Inc.
DZS Inc. Common Stock,DZS Inc.
ENI S.p.A. Common Stock,ENI S.p.A.
Edify Acquisition Corp. Units,Edify Acquisition Corp. Units
Eargo Inc. Common Stock,Eargo Inc.
eBay Inc. Common Stock,eBay Inc.
EBET INC. Common Stock,EBET INC.
Ennis Inc. Common Stock,Ennis Inc.
Ebix Inc. Common Stock,Ebix Inc.
ECB Bancorp Inc. Common Stock,ECB Bancorp Inc.
Ecolab Inc. Common Stock,Ecolab Inc.
electroCore Inc. Common Stock,electroCore Inc.
Ecovyst Inc. Common Stock,Ecovyst Inc.
EuroDry Ltd. Common Shares,EuroDry Ltd. Common Shares
Equifax Inc. Common Stock,Equifax Inc.
Enerflex Ltd Common Shares,Enerflex Ltd Common Shares
8x8 Inc Common Stock,8x8 Inc
Edgio Inc. Common Stock,Edgio Inc.
EHang Holdings Limited ADS,EHang Holdings Limited ADS
Enhabit Inc. Common Stock,Enhabit Inc.
eHealth Inc. Common Stock,eHealth Inc.
Electromed Inc. Common Stock,Electromed Inc.
Elme Communities Common Stock,Elme Communities
Eltek Ltd. Ordinary Shares,Eltek Ltd. Ordinary Shares
Embecta Corp. Common Stock,Embecta Corp.
EMCOR Group Inc. Common Stock,EMCOR Group Inc.
Enbridge Inc Common Stock,Enbridge Inc
EnerSys Common Stock,EnerSys
Entegris Inc. Common Stock,Entegris Inc.
Entera Bio Ltd. Warrant,Entera Bio Ltd. Warrant
Envestnet Inc Common Stock,Envestnet Inc
Evolus Inc. Common Stock,Evolus Inc.
ESSA Pharma Inc. Common Stock,ESSA Pharma Inc.
EPR Properties Common Stock,EPR Properties
Equillium Inc. Common Stock,Equillium Inc.
Equinor ASA,Equinor ASA
EQRx Inc. Common Stock,EQRx Inc.
EQRx Inc. Warrant,EQRx Inc. Warrant
EQT Corporation Common Stock,EQT Corporation
Erasca Inc. Common Stock,Erasca Inc.
Embraer S.A. Common Stock,Embraer S.A.
ESAB Corporation Common Stock,ESAB Corporation
EngageSmart Inc. Common Stock,EngageSmart Inc.
Elastic N.V. Ordinary Shares,Elastic N.V. Ordinary Shares
89bio Inc. Common Stock,89bio Inc.
Etsy Inc. Common Stock,Etsy Inc.
Euronav NV Ordinary Shares,Euronav NV Ordinary Shares
Enviva Inc. Common Stock,Enviva Inc.
Everbridge Inc. Common Stock,Everbridge Inc.
Eve Holding Inc. Common Stock,Eve Holding Inc.
Evogene Ltd Ordinary Shares,Evogene Ltd Ordinary Shares
EVgo Inc. Warrants,EVgo Inc. Warrants
Evergreen Corporation Warrant,Evergreen Corporation Warrant
Evo Acquisition Corp. Unit,Evo Acquisition Corp. Unit
Evo Acquisition Corp. Warrant,Evo Acquisition Corp. Warrant
Evergy Inc. Common Stock,Evergy Inc.
Evertec Inc. Common Stock,Evertec Inc.
Exelixis Inc. Common Stock,Exelixis Inc.
Exponent Inc. Common Stock,Exponent Inc.
Express Inc. Common Stock,Express Inc.
Eyenovia Inc. Common Stock,Eyenovia Inc.
Farmmi Inc. Ordinary Shares,Farmmi Inc. Ordinary Shares
Fastenal Company Common Stock,Fastenal Company
FAT Brands Inc. Warrant,FAT Brands Inc. Warrant
FaZe Holdings Inc. Warrant,FaZe Holdings Inc. Warrant
First Bancshares Inc.,First Bancshares Inc.
First Bancorp Common Stock,First Bancorp
Femasys Inc. Common Stock,Femasys Inc.
Ferguson plc Ordinary Shares,Ferguson plc Ordinary Shares
FFBW Inc. Common Stock (MD),FFBW Inc. (MD)
F5 Inc. Common Stock,F5 Inc.
FibroGen Inc Common Stock,FibroGen Inc
FGI Industries Ltd. Warrant,FGI Industries Ltd. Warrant
FG Merger Corp. Common Stock,FG Merger Corp.
FG Merger Corp. Unit,FG Merger Corp. Unit
FG Merger Corp. Warrant,FG Merger Corp. Warrant
Future Health ESG Corp. Unit,Future Health ESG Corp. Unit
FinWise Bancorp Common Stock,FinWise Bancorp
Fiserv Inc. Common Stock,Fiserv Inc.
Five Below Inc. Common Stock,Five Below Inc.
Five9 Inc. Common Stock,Five9 Inc.
Foot Locker Inc.,Foot Locker Inc.
Flex Ltd. Ordinary Shares,Flex Ltd. Ordinary Shares
FLEX LNG Ltd. Ordinary Shares,FLEX LNG Ltd. Ordinary Shares
Fluent Inc. Common Stock,Fluent Inc.
FMC Corporation Common Stock,FMC Corporation
Fabrinet Ordinary Shares,Fabrinet Ordinary Shares
Paragon 28 Inc. Common Stock,Paragon 28 Inc.
Franco-Nevada Corporation,Franco-Nevada Corporation
Finward Bancorp Common Stock,Finward Bancorp
Forian Inc. Common Stock,Forian Inc.
FlexShopper Inc. Common Stock,FlexShopper Inc.
First Bank Common Stock,First Bank
FREYR Battery Ordinary Shares,FREYR Battery Ordinary Shares
JFrog Ltd. Ordinary Shares,JFrog Ltd. Ordinary Shares
Freshpet Inc. Common Stock,Freshpet Inc.
Forza X1 Inc. Common Stock,Forza X1 Inc.
FS Bancorp Inc. Common Stock,FS Bancorp Inc.
First Solar Inc. Common Stock,First Solar Inc.
Fast Radius Inc. Warrants,Fast Radius Inc. Warrants
FTC Solar Inc. Common Stock,FTC Solar Inc.
Frontdoor Inc. Common Stock,Frontdoor Inc.
Fuel Tech Inc. Common Stock,Fuel Tech Inc.
TechnipFMC plc Ordinary Share,TechnipFMC plc Ordinary Share
Fortinet Inc. Common Stock,Fortinet Inc.
Fortis Inc. Common Shares,Fortis Inc. Common Shares
fuboTV Inc. Common Stock,fuboTV Inc.
Cedar Fair L.P. Common Stock,Cedar Fair L.P.
Arcimoto Inc. Common Stock,Arcimoto Inc.
FVCBankcorp Inc. Common Stock,FVCBankcorp Inc.
Genpact Limited Common Stock,Genpact Limited
GAN Limited Ordinary Shares,GAN Limited Ordinary Shares
StealthGas Inc. Common Stock,StealthGas Inc.
GATX Corporation Common Stock,GATX Corporation
Galiano Gold Inc.,Galiano Gold Inc.
Gannett Co. Inc. Common Stock,Gannett Co. Inc.
GCM Grosvenor Inc. Warrant,GCM Grosvenor Inc. Warrant
Genesco Inc. Common Stock,Genesco Inc.
GlucoTrack Inc. Common Stock,GlucoTrack Inc.
GDS Holdings Limited ADS,GDS Holdings Limited ADS
Gen Digital Inc. Common Stock,Gen Digital Inc.
Genetic Technologies Ltd ADS,Genetic Technologies Ltd ADS
Geo Group Inc (The) REIT,Geo Group Inc (The) REIT
Guess? Inc. Common Stock,Guess? Inc.
Gevo Inc. Common Stock,Gevo Inc.
Gerdau S.A. Common Stock,Gerdau S.A.
Green Giant Inc. Common Stock,Green Giant Inc.
Graco Inc. Common Stock,Graco Inc.
Gogoro Inc. Ordinary Shares,Gogoro Inc. Ordinary Shares
Gogoro Inc. Warrant,Gogoro Inc. Warrant
Gores Holdings IX Inc. Unit,Gores Holdings IX Inc. Unit
CGI Inc. Common Stock,CGI Inc.
Gores Holdings VIII Inc. Unit,Gores Holdings VIII Inc. Unit
Globe Life Inc. Common Stock,Globe Life Inc.
GoldMining Inc. Common Shares,GoldMining Inc. Common Shares
TD Holdings Inc. Common Stock,TD Holdings Inc.
Golar Lng Ltd,Golar Lng Ltd
Globant S.A. Common Shares,Globant S.A. Common Shares
Galecto Inc. Common Stock,Galecto Inc.
Genmab A/S ADS,Genmab A/S ADS
GMS Inc. Common Stock,GMS Inc.
Genprex Inc. Common Stock,Genprex Inc.
Genasys Inc. Common Stock,Genasys Inc.
Canoo Inc. Warrant,Canoo Inc. Warrant
Gogo Inc. Common Stock,Gogo Inc.
GeoVax Labs Inc. Common Stock,GeoVax Labs Inc.
GeoVax Labs Inc. Warrants,GeoVax Labs Inc. Warrants
Geopark Ltd Common Shares,Geopark Ltd Common Shares
Gap Inc. (The) Common Stock,Gap Inc. (The)
Grab Holdings Limited Warrant,Grab Holdings Limited Warrant
Muscle Maker Inc Common Stock,Muscle Maker Inc
Groupon Inc. Common Stock,Groupon Inc.
Globalstar Inc. Common Stock,Globalstar Inc.
Gores Holdings VII Inc. Units,Gores Holdings VII Inc. Units
GSI Technology Common Stock,GSI Technology
Genetron Holdings Limited ADS,Genetron Holdings Limited ADS
GSE Systems Inc. Common Stock,GSE Systems Inc.
ESS Tech Inc. Common Stock,ESS Tech Inc.
GX Acquisition Corp. II Unit,GX Acquisition Corp. II Unit
Gyrodyne LLC Common Stock,Gyrodyne LLC
Hasbro Inc. Common Stock,Hasbro Inc.
Hanesbrands Inc. Common Stock,Hanesbrands Inc.
HCI Group Inc. Common Stock,HCI Group Inc.
HCM Acquisition Corp Warrant,HCM Acquisition Corp Warrant
Heico Corporation,Heico Corporation
Hess Corporation Common Stock,Hess Corporation
HEXO Corp. Common Shares,HEXO Corp. Common Shares
Highland Income Fund,Highland Income Fund
Humanigen Inc. Common Stock,Humanigen Inc.
HHG Capital Corporation Units,HHG Capital Corporation Units
Harte-Hanks Inc. Common Stock,Harte-Hanks Inc.
Hillenbrand Inc Common Stock,Hillenbrand Inc
Hibbett Inc. Common Stock,Hibbett Inc.
High Tide Inc. Common Shares,High Tide Inc. Common Shares
Helbiz Inc. Warrant,Helbiz Inc. Warrant
Heliogen Inc. Common Stock,Heliogen Inc.
Harmonic Inc. Common Stock,Harmonic Inc.
Holley Inc. Common Stock,Holley Inc.
Cue Health Inc. Common Stock,Cue Health Inc.
HilleVax Inc. Common Stock,HilleVax Inc.
HomeStreet Inc. Common Stock,HomeStreet Inc.
HNI Corporation Common Stock,HNI Corporation
Hologic Inc. Common Stock,Hologic Inc.
Hour Loop Inc. Common Stock,Hour Loop Inc.
HighPeak Energy Inc. Warrant,HighPeak Energy Inc. Warrant
HP Inc. Common Stock,HP Inc.
H&R Block Inc. Common Stock,H&R Block Inc.
Histogen Inc. Common Stock,Histogen Inc.
Hilltop Holdings Inc.,Hilltop Holdings Inc.
Fusion Fuel Green PLC Warrant,Fusion Fuel Green PLC Warrant
Hubbell Inc Common Stock,Hubbell Inc
HubSpot Inc. Common Stock,HubSpot Inc.
Humana Inc. Common Stock,Humana Inc.
Humacyte Inc. Common Stock,Humacyte Inc.
Humacyte Inc. Warrant,Humacyte Inc. Warrant
HV Bancorp Inc. Common Stock,HV Bancorp Inc.
Hawkins Inc. Common Stock,Hawkins Inc.
HyreCar Inc. Common Stock,HyreCar Inc.
Hyzon Motors Inc. Warrants,Hyzon Motors Inc. Warrants
IAA Inc. Common Stock,IAA Inc.
IAC Inc. Common Stock,IAC Inc.
i-80 Gold Corp. Common Shares,i-80 Gold Corp. Common Shares
IBEX Limited Common Shares,IBEX Limited Common Shares
iBio Inc. Common Stock,iBio Inc.
ImmunityBio Inc. Common Stock,ImmunityBio Inc.
iCAD Inc. Common Stock,iCAD Inc.
ICON plc Ordinary Shares,ICON plc Ordinary Shares
ICU Medical Inc. Common Stock,ICU Medical Inc.
Icosavax Inc. Common Stock,Icosavax Inc.
IDACORP Inc. Common Stock,IDACORP Inc.
Ideanomics Inc. Common Stock,Ideanomics Inc.
IDEX Corporation Common Stock,IDEX Corporation
InflaRx N.V. Common Stock,InflaRx N.V.
IG Acquisition Corp. Unit,IG Acquisition Corp. Unit
IG Acquisition Corp. Warrant,IG Acquisition Corp. Warrant
Illumina Inc. Common Stock,Illumina Inc.
IMAC Holdings Inc. Warrant,IMAC Holdings Inc. Warrant
Imax Corporation Common Stock,Imax Corporation
ImmunoGen Inc. Common Stock,ImmunoGen Inc.
Immunome Inc. Common Stock,Immunome Inc.
Imunon Inc. Common Stock,Imunon Inc.
IMARA Inc. Common Stock,IMARA Inc.
Immatics N.V. Ordinary Shares,Immatics N.V. Ordinary Shares
Immatics N.V. Warrants,Immatics N.V. Warrants
Immunic Inc. Common Stock,Immunic Inc.
IMV Inc. Common Shares,IMV Inc. Common Shares
Immunovant Inc. Common Stock,Immunovant Inc.
IN8bio Inc. Common Stock,IN8bio Inc.
Inhibrx Inc. Common Stock,Inhibrx Inc.
Incyte Corp. Common Stock,Incyte Corp.
ING Group N.V. Common Stock,ING Group N.V.
Inogen Inc Common Stock,Inogen Inc
INmune Bio Inc. Common stock,INmune Bio Inc.
InMode Ltd. Ordinary Shares,InMode Ltd. Ordinary Shares
Innodata Inc. Common Stock,Innodata Inc.
Inpixon Common Stock,Inpixon
Inseego Corp. Common Stock,Inseego Corp.
Insight Select Income Fund,Insight Select Income Fund
Insmed Inc. Common Stock,Insmed Inc.
Intapp Inc. Common Stock,Intapp Inc.
Intuit Inc. Common Stock,Intuit Inc.
Intrusion Inc. Common Stock,Intrusion Inc.
Inuvo Inc.,Inuvo Inc.
Innoviva Inc. Common Stock,Innoviva Inc.
Identiv Inc. Common Stock,Identiv Inc.
IO Biotech Inc. Common Stock,IO Biotech Inc.
IonQ Inc. Common Stock,IonQ Inc.
Innospec Inc. Common Stock,Innospec Inc.
Innate Pharma S.A. ADS,Innate Pharma S.A. ADS
iPower Inc. Common Stock,iPower Inc.
Ideal Power Inc. Common Stock,Ideal Power Inc.
Iris Acquisition Corp Units,Iris Acquisition Corp Units
Iris Acquisition Corp Warrant,Iris Acquisition Corp Warrant
IronNet Inc. Common Stock,IronNet Inc.
IF Bancorp Inc. Common Stock,IF Bancorp Inc.
IVERIC bio Inc. Common Stock,IVERIC bio Inc.
iSpecimen Inc. Common Stock,iSpecimen Inc.
IsoRay Inc. Common Stock (DE),IsoRay Inc. (DE)
iSun Inc. Common Stock,iSun Inc.
Gartner Inc. Common Stock,Gartner Inc.
Iteris Inc. Common Stock,Iteris Inc.
Itron Inc. Common Stock,Itron Inc.
ITT Inc. Common Stock,ITT Inc.
Intevac Inc. Common Stock,Intevac Inc.
Iveda Solutions Inc. Warrant,Iveda Solutions Inc. Warrant
Invivyd Inc. Common Stock,Invivyd Inc.
Invesco Ltd Common Stock,Invesco Ltd
Orix Corp Ads Common Stock,Orix Corp Ads
IX Acquisition Corp. Unit,IX Acquisition Corp. Unit
IX Acquisition Corp. Warrant,IX Acquisition Corp. Warrant
JanOne Inc. Common Stock (NV),JanOne Inc. (NV)
Jabil Inc. Common Stock,Jabil Inc.
Jeffs' Brands Ltd Warrant,Jeffs' Brands Ltd Warrant
J. Jill Inc. Common Stock,J. Jill Inc.
JOANN Inc. Common Stock,JOANN Inc.
GEE Group Inc. Common Stock,GEE Group Inc.
Jupiter Wellness Inc. Warrant,Jupiter Wellness Inc. Warrant
Nordstrom Inc. Common Stock,Nordstrom Inc.
The Joint Corp. Common Stock,The Joint Corp.
Kellogg Company Common Stock,Kellogg Company
Kadant Inc Common Stock,Kadant Inc
Kairos Acquisition Corp. Unit,Kairos Acquisition Corp. Unit
Karooooo Ltd. Ordinary Shares,Karooooo Ltd. Ordinary Shares
KB Financial Group Inc,KB Financial Group Inc
KB Home Common Stock,KB Home
Kubient Inc. Common Stock,Kubient Inc.
KBR Inc. Common Stock,KBR Inc.
Akerna Corp. Common Stock,Akerna Corp.
Akerna Corp Warrant,Akerna Corp Warrant
KeyCorp Common Stock,KeyCorp
Kforce Inc. Common Stock,Kforce Inc.
Korn Ferry Common Stock,Korn Ferry
Kirkland's Inc. COMMONSTOCK,Kirkland's Inc. COMMONSTOCK
KKR & Co. Inc. Common Stock,KKR & Co. Inc.
KLA Corporation Common Stock,KLA Corporation
KL Acquisition Corp Unit,KL Acquisition Corp Unit
Kaleyra Inc. Common Stock,Kaleyra Inc.
Kaltura Inc. Common Stock,Kaltura Inc.
Kamada Ltd. Ordinary Shares,Kamada Ltd. Ordinary Shares
KemPharm Inc. Common Stock,KemPharm Inc.
Kemper Corporation,Kemper Corporation
Kennametal Inc. Common Stock,Kennametal Inc.
CarMax Inc,CarMax Inc
Know Labs Inc. Common Stock,Know Labs Inc.
Koss Corporation Common Stock,Koss Corporation
Kronos Bio Inc. Common Stock,Kronos Bio Inc.
KT Corporation Common Stock,KT Corporation
DWS Municipal Income Trust,DWS Municipal Income Trust
Quaker Houghton Common Stock,Quaker Houghton
nLIGHT Inc. Common Stock,nLIGHT Inc.
LatAmGrowth SPAC Warrants,LatAmGrowth SPAC Warrants
CS Disco Inc. Common Stock,CS Disco Inc.
8i Acquisition 2 Corp. Rights,8i Acquisition 2 Corp. Rights
8i Acquisition 2 Corp. Unit,8i Acquisition 2 Corp. Unit
Locafy Limited Ordinary Share,Locafy Limited Ordinary Share
Lannett Co Inc Common Stock,Lannett Co Inc
Lucid Group Inc. Common Stock,Lucid Group Inc.
LCI Industries,LCI Industries
LCNB Corporation Common Stock,LCNB Corporation
LDH Growth Corp I Units,LDH Growth Corp I Units
LDH Growth Corp I Warrant,LDH Growth Corp I Warrant
Lands' End Inc. Common Stock,Lands' End Inc.
Lear Corporation Common Stock,Lear Corporation
Leslie's Inc. Common Stock,Leslie's Inc.
Leafly Holdings Inc. Warrant,Leafly Holdings Inc. Warrant
LifeMD Inc. Common Stock,LifeMD Inc.
Littelfuse Inc. Common Stock,Littelfuse Inc.
LGI Homes Inc. Common Stock,LGI Homes Inc.
LogicMark Inc. Common Stock,LogicMark Inc.
Largo Inc. Common Shares,Largo Inc. Common Shares
Legato Merger Corp. II Unit,Legato Merger Corp. II Unit
LHC Group Common Stock,LHC Group
AEye Inc. Warrant,AEye Inc. Warrant
aTyr Pharma Inc. Common Stock,aTyr Pharma Inc.
Lilium N.V. Warrants,Lilium N.V. Warrants
Linde plc Ordinary Share,Linde plc Ordinary Share
Lionheart III Corp Unit,Lionheart III Corp Unit
Lionheart III Corp Warrant,Lionheart III Corp Warrant
LivaNova PLC Ordinary Shares,LivaNova PLC Ordinary Shares
LKQ Corporation Common Stock,LKQ Corporation
LumiraDx Limited Warrant,LumiraDx Limited Warrant
Lemonade Inc. Common Stock,Lemonade Inc.
Limoneira Co Common Stock,Limoneira Co
LINKBANCORP Inc. Common Stock,LINKBANCORP Inc.
LENSAR Inc. Common Stock,LENSAR Inc.
Manhattan Bridge Capital Inc,Manhattan Bridge Capital Inc
Comstock Inc. Common Stock,Comstock Inc.
CarLotz Inc. Warrant,CarLotz Inc. Warrant
Lipocine Inc. Common Stock,Lipocine Inc.
Dorian LPG Ltd. Common Stock,Dorian LPG Ltd.
LivePerson Inc. Common Stock,LivePerson Inc.
Loop Media Inc. Common Stock,Loop Media Inc.
Stride Inc. Common Stock,Stride Inc.
Latch Inc. Common Stock,Latch Inc.
Lantronix Inc. Common Stock,Lantronix Inc.
Lottery.com Inc. Common Stock,Lottery.com Inc.
Lottery.com Inc. Warrants,Lottery.com Inc. Warrants
LiveOne Inc. Common Stock,LiveOne Inc.
LiveVox Holdings Inc. Warrant,LiveVox Holdings Inc. Warrant
Levere Holdings Corp. Warrant,Levere Holdings Corp. Warrant
Macy's Inc Common Stock,Macy's Inc
ManpowerGroup Common Stock,ManpowerGroup
WM Technology Inc. Warrants,WM Technology Inc. Warrants
908 Devices Inc. Common Stock,908 Devices Inc.
Mattel Inc. Common Stock,Mattel Inc.
Matson Inc. Common Stock,Matson Inc.
Maxar Technologies Inc.,Maxar Technologies Inc.
J. W. Mays Inc. Common Stock,J. W. Mays Inc.
MBIA Inc. Common Stock,MBIA Inc.
Mustang Bio Inc. Common Stock,Mustang Bio Inc.
Medigus Ltd. Series C Warrant,Medigus Ltd. Series C Warrant
MDJM LTD Ordinary Share,MDJM LTD Ordinary Share
MiMedx Group Inc Common Stock,MiMedx Group Inc
MEDIFAST INC Common Stock,MEDIFAST INC
MEI Pharma Inc. Common Stock,MEI Pharma Inc.
MetLife Inc. Common Stock,MetLife Inc.
MFA Financial Inc.,MFA Financial Inc.
MGE Energy Inc,MGE Energy Inc
Magnite Inc. Common Stock,Magnite Inc.
MacroGenics Inc. Common Stock,MacroGenics Inc.
MGP Ingredients Inc.,MGP Ingredients Inc.
McGrath RentCorp Common Stock,McGrath RentCorp
Maiden Holdings Ltd.,Maiden Holdings Ltd.
M/I Homes Inc. Common Stock,M/I Homes Inc.
MICT Inc. Common Stock,MICT Inc.
Minim Inc. Common Stock,Minim Inc.
MillerKnoll Inc. Common Stock,MillerKnoll Inc.
3M Company Common Stock,3M Company
Maximus Inc. Common Stock,Maximus Inc.
Medicinova Inc Common Stock,Medicinova Inc
Monro Inc. Common Stock,Monro Inc.
Monster Beverage Corporation,Monster Beverage Corporation
Momentus Inc. Warrant,Momentus Inc. Warrant
Altria Group Inc.,Altria Group Inc.
Mobilicom Limited Warrants,Mobilicom Limited Warrants
Mobiv Acquisition Corp Unit,Mobiv Acquisition Corp Unit
Model N Inc. Common Stock,Model N Inc.
ModivCare Inc. Common Stock,ModivCare Inc.
Mogo Inc. Common Shares,Mogo Inc. Common Shares
Morningstar Inc. Common Stock,Morningstar Inc.
Movano Inc. Common Stock,Movano Inc.
Mid Penn Bancorp Common Stock,Mid Penn Bancorp
MRC Global Inc. Common Stock,MRC Global Inc.
Moderna Inc. Common Stock,Moderna Inc.
Merus N.V. Common Shares,Merus N.V. Common Shares
Morgan Stanley Common Stock,Morgan Stanley
Mesabi Trust Common Stock,Mesabi Trust
MSCI Inc Common Stock,MSCI Inc
MSD Acquisition Corp. Unit,MSD Acquisition Corp. Unit
MSD Acquisition Corp. Warrant,MSD Acquisition Corp. Warrant
MSP Recovery Inc. Warrant,MSP Recovery Inc. Warrant
MSP Recovery Inc. Warrant,MSP Recovery Inc. Warrant
CareCloud Inc. Common Stock,CareCloud Inc.
MMTec Inc. Common Shares,MMTec Inc. Common Shares
Match Group Inc. Common Stock,Match Group Inc.
Metacrine Inc. Common Stock,Metacrine Inc.
Materion Corporation,Materion Corporation
MasTec Inc. Common Stock,MasTec Inc.
Murphy USA Inc. Common Stock,Murphy USA Inc.
MicroVision Inc. Common Stock,MicroVision Inc.
MaxCyte Inc. Common Stock,MaxCyte Inc.
MaxLinear Inc. Common Stock,MaxLinear Inc.
Myomo Inc. Common Stock,Myomo Inc.
MYR Group Inc. Common Stock,MYR Group Inc.
My Size Inc. Common Stock,My Size Inc.
N-able Inc. Common Stock,N-able Inc.
Northeast Bank Common Stock,Northeast Bank
Nabors Industries Ltd.,Nabors Industries Ltd.
NBT Bancorp Inc. Common Stock,NBT Bancorp Inc.
nCino Inc. Common Stock,nCino Inc.
Netcapital Inc. Common Stock,Netcapital Inc.
Netcapital Inc. Warrants,Netcapital Inc. Warrants
NCR Corporation Common Stock,NCR Corporation
Nocera Inc. Common Stock,Nocera Inc.
Nasdaq Inc. Common Stock,Nasdaq Inc.
Newmont Corporation,Newmont Corporation
NeoGenomics Inc. Common Stock,NeoGenomics Inc.
Neonode Inc. Common Stock,Neonode Inc.
NeoVolta Inc. Common Stock,NeoVolta Inc.
Nephros Inc. Common Stock,Nephros Inc.
Eneti Inc. Common Stock,Eneti Inc.
NewMarket Corp Common Stock,NewMarket Corp
New Relic Inc. Common Stock,New Relic Inc.
NexImmune Inc. Common Stock,NexImmune Inc.
Netflix Inc. Common Stock,Netflix Inc.
Novagold Resources Inc.,Novagold Resources Inc.
New Gold Inc.,New Gold Inc.
NeoGames S.A. Ordinary Shares,NeoGames S.A. Ordinary Shares
NantHealth Inc. Common Stock,NantHealth Inc.
NiSource Inc Common Stock,NiSource Inc
Nike Inc. Common Stock,Nike Inc.
Nkarta Inc. Common Stock,Nkarta Inc.
Nautilus Inc. Common Stock,Nautilus Inc.
NextNav Inc. Common Stock,NextNav Inc.
NextNav Inc. Warrant,NextNav Inc. Warrant
NN Inc. Common Stock,NN Inc.
Nelnet Inc. Common Stock,Nelnet Inc.
Noah Holdings Limited,Noah Holdings Limited
NI Holdings Inc. Common Stock,NI Holdings Inc.
Nogin Inc. Common Stock,Nogin Inc.
Nogin Inc. Warrant,Nogin Inc. Warrant
Inotiv Inc. Common Stock,Inotiv Inc.
NOV Inc. Common Stock,NOV Inc.
Novan Inc. Common Stock,Novan Inc.
Novanta Inc. Common Stock,Novanta Inc.
ServiceNow Inc. Common Stock,ServiceNow Inc.
Neuropace Inc. Common Stock,Neuropace Inc.
EnPro Industries Inc,EnPro Industries Inc
NRG Energy Inc. Common Stock,NRG Energy Inc.
Insperity Inc. Common Stock,Insperity Inc.
InspireMD Inc. Common Stock,InspireMD Inc.
NetApp Inc. Common Stock,NetApp Inc.
NETGEAR Inc. Common Stock,NETGEAR Inc.
Nutrien Ltd. Common Shares,Nutrien Ltd. Common Shares
Natera Inc. Common Stock,Natera Inc.
Nutriband Inc. Common Stock,Nutriband Inc.
Nutriband Inc. Warrant,Nutriband Inc. Warrant
NetSTREIT Corp. Common Stock,NetSTREIT Corp.
Natuzzi S.p.A.,Natuzzi S.p.A.
NeuroMetrix Inc. Common Stock,NeuroMetrix Inc.
NuVasive Inc. Common Stock,NuVasive Inc.
Nuwellis Inc. Common Stock,Nuwellis Inc.
NuZee Inc. Common Stock,NuZee Inc.
Novavax Inc. Common Stock,Novavax Inc.
Neovasc Inc. Common Shares,Neovasc Inc. Common Shares
NVE Corporation Common Stock,NVE Corporation
NV5 Global Inc. Common Stock,NV5 Global Inc.
Nova Ltd. Ordinary Shares,Nova Ltd. Ordinary Shares
Novo Nordisk A/S Common Stock,Novo Nordisk A/S
NVR Inc. Common Stock,NVR Inc.
Nevro Corp. Common Stock,Nevro Corp.
Novartis AG Common Stock,Novartis AG
Nuvve Holding Corp. Warrant,Nuvve Holding Corp. Warrant
NWTN Inc. Warrant,NWTN Inc. Warrant
NexGel Inc Common Stock,NexGel Inc
NexGel Inc Warrant,NexGel Inc Warrant
NextPlat Corp Common Stock,NextPlat Corp
NextPlat Corp Warrants,NextPlat Corp Warrants
NextCure Inc. Common Stock,NextCure Inc.
Nayax Ltd. Ordinary Shares,Nayax Ltd. Ordinary Shares
Nyxoah SA Ordinary Shares,Nyxoah SA Ordinary Shares
OmniAb Inc. Common Stock,OmniAb Inc.
OmniAb Inc. Warrant,OmniAb Inc. Warrant
Outbrain Inc. Common Stock,Outbrain Inc.
Oblong Inc. Common Stock,Oblong Inc.
ObsEva SA Ordinary Shares,ObsEva SA Ordinary Shares
OCA Acquisition Corp. Unit,OCA Acquisition Corp. Unit
OCA Acquisition Corp. Warrant,OCA Acquisition Corp. Warrant
Ocugen Inc. Common Stock,Ocugen Inc.
OFG Bancorp Common Stock,OFG Bancorp
Omega Flex Inc. Common Stock,Omega Flex Inc.
OGE Energy Corp Common Stock,OGE Energy Corp
Oragenics Inc. Common Stock,Oragenics Inc.
Organon & Co. Common Stock,Organon & Co.
ONE Gas Inc. Common Stock,ONE Gas Inc.
OPY Acquisition Corp. I Units,OPY Acquisition Corp. I Units
Orion Acquisition Corp. Unit,Orion Acquisition Corp. Unit
O-I Glass Inc. Common Stock,O-I Glass Inc.
ONEOK Inc. Common Stock,ONEOK Inc.
Olin Corporation Common Stock,Olin Corporation
Olo Inc. Class A Common Stock,Olo Inc. Class A
OMNIQ Corp. Common Stock,OMNIQ Corp.
Oncorus Inc. Common Stock,Oncorus Inc.
Onfolio Holdings Inc. Warrant,Onfolio Holdings Inc. Warrant
ON24 Inc. Common Stock,ON24 Inc.
Ooma Inc. Common Stock,Ooma Inc.
OceanPal Inc. Common Stock,OceanPal Inc.
OPAL Fuels Inc. Warrant,OPAL Fuels Inc. Warrant
OP Bancorp Common Stock,OP Bancorp
OpGen Inc. Common Stock,OpGen Inc.
OPKO Health Inc. Common Stock,OPKO Health Inc.
OptiNose Inc. Common Stock,OptiNose Inc.
Orange,Orange
Orgenesis Inc. Common Stock,Orgenesis Inc.
OneSpan Inc. Common Stock,OneSpan Inc.
Otonomy Inc. Common Stock,Otonomy Inc.
Ontrak Inc. Common Stock,Ontrak Inc.
Ouster Inc. Common Stock,Ouster Inc.
Ovintiv Inc. (DE),Ovintiv Inc. (DE)
Bank OZK Common Stock,Bank OZK
PacWest Bancorp Common Stock,PacWest Bancorp
Pioneer Merger Corp. Unit,Pioneer Merger Corp. Unit
Pioneer Merger Corp. Warrant,Pioneer Merger Corp. Warrant
Paltalk Inc. Common Stock,Paltalk Inc.
Passage Bio Inc. Common Stock,Passage Bio Inc.
PAVmed Inc. Common Stock,PAVmed Inc.
PAVmed Inc. Series Z Warrant,PAVmed Inc. Series Z Warrant
Payoneer Global Inc. Warrant,Payoneer Global Inc. Warrant
Paysign Inc. Common Stock,Paysign Inc.
Paychex Inc. Common Stock,Paychex Inc.
PACCAR Inc. Common Stock,PACCAR Inc.
PCB Bancorp Common Stock,PCB Bancorp
PCM Fund Inc. Common Stock,PCM Fund Inc.
PCTEL Inc. Common Stock,PCTEL Inc.
Vaxcyte Inc. Common Stock,Vaxcyte Inc.
PagerDuty Inc. Common Stock,PagerDuty Inc.
Pro-Dex Inc. Common Stock,Pro-Dex Inc.
Pedevco Corp. Common Stock,Pedevco Corp.
Pegasystems Inc. Common Stock,Pegasystems Inc.
Penumbra Inc. Common Stock,Penumbra Inc.
PepsiCo Inc. Common Stock,PepsiCo Inc.
PepGen Inc. Common Stock,PepGen Inc.
Wag! Group Co. Common Stock,Wag! Group Co.
PetVivo Holdings Inc. Warrant,PetVivo Holdings Inc. Warrant
Wag! Group Co Warrant,Wag! Group Co Warrant
Preferred Bank Common Stock,Preferred Bank
Pfizer Inc. Common Stock,Pfizer Inc.
PIMCO Income Strategy Fund II,PIMCO Income Strategy Fund II
PFSweb Inc. Common Stock,PFSweb Inc.
Precigen Inc. Common Stock,Precigen Inc.
Progyny Inc. Common Stock,Progyny Inc.
PGT Innovations Inc.,PGT Innovations Inc.
BiomX Inc. COmmon Stock,BiomX Inc.
PLDT Inc. Sponsored ADR,PLDT Inc. Sponsored ADR
PulteGroup Inc. Common Stock,PulteGroup Inc.
Phreesia Inc. Common Stock,Phreesia Inc.
Pioneer High Income Fund Inc.,Pioneer High Income Fund Inc.
Phunware Inc. Common Stock,Phunware Inc.
Phunware Inc. Warrants,Phunware Inc. Warrants
Impinj Inc. Common Stock,Impinj Inc.
Polaris Inc. Common Stock,Polaris Inc.
Kidpik Corp. Common Stock,Kidpik Corp.
ShiftPixy Inc. Common Stock,ShiftPixy Inc.
Peak Bio Inc. Common Stock,Peak Bio Inc.
Peak Bio Inc. Warrant,Peak Bio Inc. Warrant
PerkinElmer Inc. Common Stock,PerkinElmer Inc.
Photronics Inc. Common Stock,Photronics Inc.
Plumas Bancorp,Plumas Bancorp
PLBY Group Inc. Common Stock,PLBY Group Inc.
Prologis Inc. Common Stock,Prologis Inc.
Plug Power Inc. Common Stock,Plug Power Inc.
Pluri Inc. Common Stock,Pluri Inc.
ePlus inc. Common Stock,ePlus inc.
PLx Pharma Inc. Common Stock,PLx Pharma Inc.
Plexus Corp. Common Stock,Plexus Corp.
Psychemedics Corporation,Psychemedics Corporation
Pentair plc. Ordinary Share,Pentair plc. Ordinary Share
Polished Inc. Common Stock,Polished Inc.
Polar Power Inc. Common Stock,Polar Power Inc.
Pono Capital Corp Unit,Pono Capital Corp Unit
Pono Capital Corp Warrant,Pono Capital Corp Warrant
Pool Corporation Common Stock,Pool Corporation
Powered Brands Units,Powered Brands Units
Powered Brands Warrants,Powered Brands Warrants
AMMO Inc. Common Stock,AMMO Inc.
Pacific Premier Bancorp Inc,Pacific Premier Bancorp Inc
PPL Corporation Common Stock,PPL Corporation
PRA Group Inc. Common Stock,PRA Group Inc.
Porch Group Inc. Common Stock,Porch Group Inc.
Perficient Inc. Common Stock,Perficient Inc.
Primerica Inc. Common Stock,Primerica Inc.
Proto Labs Inc. Common stock,Proto Labs Inc.
Procaps Group S.A. Warrants,Procaps Group S.A. Warrants
Precipio Inc. Common Stock,Precipio Inc.
Peraso Inc. Common Stock,Peraso Inc.
Prospector Capital Corp. Unit,Prospector Capital Corp. Unit
Public Storage Common Stock,Public Storage
Paysafe Limited Common Shares,Paysafe Limited Common Shares
PriceSmart Inc. Common Stock,PriceSmart Inc.
Personalis Inc. Common Stock,Personalis Inc.
Pearson Plc Common Stock,Pearson Plc
Phillips 66 Common Stock,Phillips 66
PTC Inc. Common Stock,PTC Inc.
PolarityTE Inc. Common Stock,PolarityTE Inc.
Proterra Inc. Common Stock,Proterra Inc.
Partners Bancorp Common Stock,Partners Bancorp
Pono Capital Two Inc. Unit,Pono Capital Two Inc. Unit
Goal Acquisitions Corp. Unit,Goal Acquisitions Corp. Unit
Pulmatrix Inc. Common Stock,Pulmatrix Inc.
PVH Corp. Common Stock,PVH Corp.
Power REIT (MD) Common Stock,Power REIT (MD)
PowerFleet Inc. Common Stock,PowerFleet Inc.
P10 Inc. Class A Common Stock,P10 Inc. Class A
Pixelworks Inc. Common Stock,Pixelworks Inc.
PaxMedica Inc. Common Stock,PaxMedica Inc.
Pyxis Tankers Inc. Warrant,Pyxis Tankers Inc. Warrant
Paycor HCM Inc. Common Stock,Paycor HCM Inc.
PolyPid Ltd. Ordinary Shares,PolyPid Ltd. Ordinary Shares
Qiagen N.V. Common Shares,Qiagen N.V. Common Shares
Qualys Inc. Common Stock,Qualys Inc.
QuinStreet Inc. Common Stock,QuinStreet Inc.
Qorvo Inc. Common Stock,Qorvo Inc.
QualTek Services Inc. Warrant,QualTek Services Inc. Warrant
Q2 Holdings Inc. Common Stock,Q2 Holdings Inc.
Qumu Corporation Common Stock,Qumu Corporation
uniQure N.V. Ordinary Shares,uniQure N.V. Ordinary Shares
Ferrari N.V. Common Shares,Ferrari N.V. Common Shares
RBB Bancorp Common Stock,RBB Bancorp
RENN Fund Inc Common Stock,RENN Fund Inc
R1 RCM Inc. Common Stock,R1 RCM Inc.
Renovacor Inc. Common Stock,Renovacor Inc.
Radcom Ltd. Ordinary Shares,Radcom Ltd. Ordinary Shares
RadNet Inc. Common Stock,RadNet Inc.
Red Violet Inc. Common Stock,Red Violet Inc.
Radware Ltd. Ordinary Shares,Radware Ltd. Ordinary Shares
Reeds Inc. Common Stock,Reeds Inc.
Ring Energy Inc. Common Stock,Ring Energy Inc.
RPC Inc. Common Stock,RPC Inc.
REV Group Inc. Common Stock,REV Group Inc.
RF Acquisition Corp. Rights,RF Acquisition Corp. Rights
Royal Gold Inc. Common Stock,Royal Gold Inc.
REGENXBIO Inc. Common Stock,REGENXBIO Inc.
RH Common Stock,RH
Rio Tinto Plc Common Stock,Rio Tinto Plc
RLI Corp. Common Stock (DE),RLI Corp. (DE)
Rambus Inc. Common Stock,Rambus Inc.
ResMed Inc. Common Stock,ResMed Inc.
RenovoRx Inc. Common Stock,RenovoRx Inc.
Roivant Sciences Ltd. Warrant,Roivant Sciences Ltd. Warrant
Rollins Inc. Common Stock,Rollins Inc.
Ross Stores Inc. Common Stock,Ross Stores Inc.
Rapid7 Inc. Common Stock,Rapid7 Inc.
RPT Realty Common Stock,RPT Realty
RPT Realty 7.25%,RPT Realty 7.25%
Reservoir Media Inc. Warrant,Reservoir Media Inc. Warrant
Rumble Inc. Warrant,Rumble Inc. Warrant
Sunrun Inc. Common Stock,Sunrun Inc.
Rush Enterprises Inc. Class B,Rush Enterprises Inc. Class B
Rail Vision Ltd. Warrant,Rail Vision Ltd. Warrant
Ryvyl Inc. Common Stock,Ryvyl Inc.
RXO Inc. Common Stock,RXO Inc.
RXR Acquisition Corp. Units,RXR Acquisition Corp. Units
RxSight Inc. Common Stock,RxSight Inc.
Safehold Inc. Common Stock,Safehold Inc.
Saia Inc. Common Stock,Saia Inc.
SAP SE ADS,SAP SE ADS
Saratoga Investment Corp New,Saratoga Investment Corp New
Satellogic Inc. Warrant,Satellogic Inc. Warrant
Signature Bank Common Stock,Signature Bank
SCE TRUST VI,SCE TRUST VI
Stepan Company Common Stock,Stepan Company
ScION Tech Growth I Unit,ScION Tech Growth I Unit
ScION Tech Growth I Warrant,ScION Tech Growth I Warrant
ScION Tech Growth II Units,ScION Tech Growth II Units
comScore Inc. Common Stock,comScore Inc.
Steelcase Inc. Common Stock,Steelcase Inc.
ScanSource Inc. Common Stock,ScanSource Inc.
374Water Inc. Common Stock,374Water Inc.
SCYNEXIS Inc. Common Stock,SCYNEXIS Inc.
Schrodinger Inc. Common Stock,Schrodinger Inc.
Secoo Holding Limited ADS,Secoo Holding Limited ADS
Sesen Bio Inc. Common Stock,Sesen Bio Inc.
Sono Group N.V. Common Shares,Sono Group N.V. Common Shares
SFL Corporation Ltd,SFL Corporation Ltd
SG Blocks Inc. Common Stock,SG Blocks Inc.
Seagen Inc. Common Stock,Seagen Inc.
SPAR Group Inc. Common Stock,SPAR Group Inc.
Star Group L.P. Common Stock,Star Group L.P.
Sharecare Inc. Warrant,Sharecare Inc. Warrant
SHF Holdings Inc. Warrants,SHF Holdings Inc. Warrants
SI-BONE Inc. Common Stock,SI-BONE Inc.
Sientra Inc. Common Stock,Sientra Inc.
Sprott Inc. Common Shares,Sprott Inc. Common Shares
Silicom Ltd Ordinary Shares,Silicom Ltd Ordinary Shares
Silo Pharma Inc. Common Stock,Silo Pharma Inc.
Shineco Inc. Common Stock,Shineco Inc.
SJW Group Common Stock (DE),SJW Group (DE)
SkyWest Inc. Common Stock,SkyWest Inc.
Slam Corp. Unit,Slam Corp. Unit
Slam Corp. warrant,Slam Corp. warrant
Solid Power Inc. Warrant,Solid Power Inc. Warrant
SomaLogic Inc. Warrant,SomaLogic Inc. Warrant
SLM Corporation Common Stock,SLM Corporation
SelectQuote Inc. Common Stock,SelectQuote Inc.
Sema4 Holdings Corp. Warrant,Sema4 Holdings Corp. Warrant
Stryve Foods Inc. Warrant,Stryve Foods Inc. Warrant
Smart Sand Inc. Common Stock,Smart Sand Inc.
SNDL Inc. Common Shares,SNDL Inc. Common Shares
SenesTech Inc. Common Stock,SenesTech Inc.
Soligenix Inc. Common Stock,Soligenix Inc.
Synopsys Inc. Common Stock,Synopsys Inc.
Sanofi ADS,Sanofi ADS
SOBR Safe Inc. Common Stock,SOBR Safe Inc.
Sonder Holdings Inc. Warrants,Sonder Holdings Inc. Warrants
Sonos Inc. Common Stock,Sonos Inc.
Sonendo Inc. Common Stock,Sonendo Inc.
SoundHound AI Inc. Warrant,SoundHound AI Inc. Warrant
S&P Global Inc. Common Stock,S&P Global Inc.
SPK Acquisition Corp. Right,SPK Acquisition Corp. Right
SPK Acquisition Corp Unit,SPK Acquisition Corp Unit
Splunk Inc. Common Stock,Splunk Inc.
SciSparc Ltd. Ordinary Shares,SciSparc Ltd. Ordinary Shares
SeqLL Inc. Common stock,SeqLL Inc.
SeqLL Inc. Warrant,SeqLL Inc. Warrant
Spire Inc. Common Stock,Spire Inc.
Stericycle Inc. Common Stock,Stericycle Inc.
Surmodics Inc. Common Stock,Surmodics Inc.
DBA Sempra Common Stock,DBA Sempra
Stoneridge Inc. Common Stock,Stoneridge Inc.
Scully Royalty Ltd.,Scully Royalty Ltd.
StarTek Inc. Common Stock,StarTek Inc.
Surrozen Inc. Common Stock,Surrozen Inc.
SSR Mining Inc. Common Stock,SSR Mining Inc.
ShotSpotter Inc. Common Stock,ShotSpotter Inc.
iStar Inc. Common Stock,iStar Inc.
S&T Bancorp Inc. Common Stock,S&T Bancorp Inc.
Neuronetics Inc. Common Stock,Neuronetics Inc.
Semantix Inc. Warrant,Semantix Inc. Warrant
SunOpta Inc. Common Stock,SunOpta Inc.
Stellantis N.V. Common Shares,Stellantis N.V. Common Shares
Steel Dynamics Inc.,Steel Dynamics Inc.
Stantec Inc Common Stock,Stantec Inc
Stran & Company Inc. Warrant,Stran & Company Inc. Warrant
Stereotaxis Inc. Common Stock,Stereotaxis Inc.
Sumo Logic Inc. Common Stock,Sumo Logic Inc.
Sunworks Inc. Common Stock,Sunworks Inc.
SurgePays Inc. Common Stock,SurgePays Inc.
SurgePays Inc. Warrant,SurgePays Inc. Warrant
SVF Investment Corp. Unit,SVF Investment Corp. Unit
SVF Investment Corp. Warrant,SVF Investment Corp. Warrant
Save Foods Inc. Common Stock,Save Foods Inc.
Savara Inc. Common Stock,Savara Inc.
SaverOne 2014 Ltd. Warrant,SaverOne 2014 Ltd. Warrant
Athlon Acquisition Corp. Unit,Athlon Acquisition Corp. Unit
Swvl Holdings Corp Warrant,Swvl Holdings Corp Warrant
Synlogic Inc. Common Stock,Synlogic Inc.
Siyata Mobile Inc. Warrant,Siyata Mobile Inc. Warrant
Sizzle Acquisition Corp. Unit,Sizzle Acquisition Corp. Unit
AT&T Inc.,AT&T Inc.
Talkspace Inc. Common Stock,Talkspace Inc.
Talkspace Inc. Warrant,Talkspace Inc. Warrant
Taoping Inc. Ordinary Shares,Taoping Inc. Ordinary Shares
The Bancorp Inc Common Stock,The Bancorp Inc
TrueBlue Inc. Common Stock,TrueBlue Inc.
Taboola.com Ltd. Warrant,Taboola.com Ltd. Warrant
TB SA Acquisition Corp Unit,TB SA Acquisition Corp Unit
TriCo Bancshares Common Stock,TriCo Bancshares
Tricida Inc. Common Stock,Tricida Inc.
Tidewater Inc. Common Stock,Tidewater Inc.
Bio-Techne Corp Common Stock,Bio-Techne Corp
Telefonica SA Common Stock,Telefonica SA
TELA Bio Inc. Common Stock,TELA Bio Inc.
Tellurian Inc. Common Stock,Tellurian Inc.
TenX Keane Acquisition Unit,TenX Keane Acquisition Unit
Telecom Argentina SA,Telecom Argentina SA
Teradyne Inc. Common Stock,Teradyne Inc.
Transphorm Inc. Common Stock,Transphorm Inc.
TEGNA Inc,TEGNA Inc
Hanover Insurance Group Inc,Hanover Insurance Group Inc
Gentherm Inc Common Stock,Gentherm Inc
Instil Bio Inc. Common Stock,Instil Bio Inc.
Interface Inc. Common Stock,Interface Inc.
Tio Tech A Units,Tio Tech A Units
Tio Tech A Warrants,Tio Tech A Warrants
Tiptree Inc. Common Stock,Tiptree Inc.
Team Inc. Common Stock,Team Inc.
Tilly's Inc. Common Stock,Tilly's Inc.
T-Mobile US Inc. Common Stock,T-Mobile US Inc.
Tennant Company Common Stock,Tennant Company
Tango Therapeutics Inc.,Tango Therapeutics Inc.
Teekay Tankers Ltd.,Teekay Tankers Ltd.
TOP Ships Inc. Common Stock,TOP Ships Inc.
TowneBank Common Stock,TowneBank
TPG Inc. Class A Common Stock,TPG Inc. Class A
Tapestry Inc. Common Stock,Tapestry Inc.
Tejon Ranch Co Common Stock,Tejon Ranch Co
LendingTree Inc. Common Stock,LendingTree Inc.
TripAdvisor Inc. Common Stock,TripAdvisor Inc.
Trimble Inc. Common Stock,Trimble Inc.
TORM plc Class A Common Stock,TORM plc Class A
Transcat Inc. Common Stock,Transcat Inc.
TROOPS Inc. Ordinary Shares,TROOPS Inc. Ordinary Shares
TransUnion Common Stock,TransUnion
TrueCar Inc. Common Stock,TrueCar Inc.
Trupanion Inc. Common Stock,Trupanion Inc.
Trevena Inc. Common Stock,Trevena Inc.
Trinseo PLC Ordinary Shares,Trinseo PLC Ordinary Shares
Tesla Inc. Common Stock,Tesla Inc.
Tyson Foods Inc. Common Stock,Tyson Foods Inc.
TSR Inc. Common Stock,TSR Inc.
Trane Technologies plc,Trane Technologies plc
TotalEnergies SE,TotalEnergies SE
Tetra Tech Inc. Common Stock,Tetra Tech Inc.
TechTarget Inc. Common Stock,TechTarget Inc.
Tennessee Valley Authority,Tennessee Valley Authority
Two Harbors Investment Corp,Two Harbors Investment Corp
two Class A Ordinary Shares,two Class A Ordinary Shares
2U Inc. Common Stock,2U Inc.
Textron Inc. Common Stock,Textron Inc.
Cryptyde Inc. Common Stock,Cryptyde Inc.
Travelzoo Common Stock,Travelzoo
Udemy Inc. Common Stock,Udemy Inc.
UDR Inc. Common Stock,UDR Inc.
Unifi Inc. New Common Stock,Unifi Inc. New
UGI Corporation Common Stock,UGI Corporation
urban-gro Inc. Common Stock,urban-gro Inc.
Amerco Common Stock,Amerco
Ubiquiti Inc. Common Stock,Ubiquiti Inc.
Unilever PLC Common Stock,Unilever PLC
Ulta Beauty Inc. Common Stock,Ulta Beauty Inc.
Uniti Group Inc. Common Stock,Uniti Group Inc.
Unum Group Common Stock,Unum Group
UpHealth Inc. Common Stock,UpHealth Inc.
Upwork Inc. Common Stock,Upwork Inc.
Upexi Inc. Common Stock,Upexi Inc.
U.S. Gold Corp. Common Stock,U.S. Gold Corp.
U.S. Bancorp Common Stock,U.S. Bancorp
UserTesting Inc. Common Stock,UserTesting Inc.
Usio Inc. Common Stock,Usio Inc.
UTime Limited Ordinary Shares,UTime Limited Ordinary Shares
Uxin Limited ADS,Uxin Limited ADS
Visa Inc.,Visa Inc.
Valaris Limited Common Shares,Valaris Limited Common Shares
Value Line Inc. Common Stock,Value Line Inc.
Vapotherm Inc. Common Stock,Vapotherm Inc.
INNOVATE Corp. Common Stock,INNOVATE Corp.
VersaBank Common Shares,VersaBank Common Shares
Vaccinex Inc. Common Stock,Vaccinex Inc.
Veracyte Inc. Common Stock,Veracyte Inc.
VEON Ltd. ADS,VEON Ltd. ADS
Veritone Inc. Common Stock,Veritone Inc.
Veru Inc. Common Stock,Veru Inc.
Vericity Inc. Common Stock,Vericity Inc.
V.F. Corporation Common Stock,V.F. Corporation
Vista Gold Corp Common Stock,Vista Gold Corp
Valhi Inc. Common Stock,Valhi Inc.
View Inc. Warrant,View Inc. Warrant
7GC & Co. Holdings Inc. Unit,7GC & Co. Holdings Inc. Unit
Vital Farms Inc. Common Stock,Vital Farms Inc.
Vivakor Inc. Common Stock,Vivakor Inc.
Volcon Inc. Common stock,Volcon Inc.
Velo3D Inc. Common Stock,Velo3D Inc.
Velodyne Lidar Inc. Warrants,Velodyne Lidar Inc. Warrants
Invesco High Income Trust II,Invesco High Income Trust II
Vimeo Inc. Common Stock,Vimeo Inc.
ViewRay Inc. Common Stock,ViewRay Inc.
Vroom Inc. Common Stock,Vroom Inc.
VerifyMe Inc. Common Stock,VerifyMe Inc.
VerifyMe Inc. Warrant,VerifyMe Inc. Warrant
VeriSign Inc. Common Stock,VeriSign Inc.
ViaSat Inc. Common Stock,ViaSat Inc.
VSE Corporation Common Stock,VSE Corporation
Vistra Corp. Common Stock,Vistra Corp.
Verastem Inc. Common Stock,Verastem Inc.
VTEX Class A Common Shares,VTEX Class A Common Shares
Ventas Inc. Common Stock,Ventas Inc.
Viatris Inc. Common Stock,Viatris Inc.
Vitru Limited Common Shares,Vitru Limited Common Shares
VirTra Inc. Common Stock,VirTra Inc.
Viad Corp Common Stock,Viad Corp
Vivint Smart Home Inc.,Vivint Smart Home Inc.
Valvoline Inc. Common Stock,Valvoline Inc.
V2X Inc. Common Stock,V2X Inc.
Vaxart Inc Common Stock,Vaxart Inc
Vyant Bio Inc. Common Stock,Vyant Bio Inc.
Waldencast plc Warrant,Waldencast plc Warrant
WaveDancer Inc. Common Stock,WaveDancer Inc.
Winc Inc. Common Stock,Winc Inc.
WD-40 Company Common Stock,WD-40 Company
Wejo Group Limited Warrant,Wejo Group Limited Warrant
Welltower Inc. Common Stock,Welltower Inc.
WEX Inc. common stock,WEX Inc.
Weyco Group Inc. Common Stock,Weyco Group Inc.
Wingstop Inc. Common Stock,Wingstop Inc.
Wipro Limited Common Stock,Wipro Limited
Wix.com Ltd. Ordinary Shares,Wix.com Ltd. Ordinary Shares
WalkMe Ltd. Ordinary Shares,WalkMe Ltd. Ordinary Shares
Worksport Ltd. Common Stock,Worksport Ltd.
Worksport Ltd. Warrant,Worksport Ltd. Warrant
Wearable Devices Ltd. Warrant,Wearable Devices Ltd. Warrant
Walmart Inc. Common Stock,Walmart Inc.
Wolfspeed Inc. Common Stock,Wolfspeed Inc.
SCWorx Corp. Common Stock,SCWorx Corp.
W. P. Carey Inc. REIT,W. P. Carey Inc. REIT
Westrock Company Common Stock,Westrock Company
WesBanco Inc. Common Stock,WesBanco Inc.
Watsco Inc. Common Stock,Watsco Inc.
Watsco Inc.,Watsco Inc.
Whitestone REIT Common Shares,Whitestone REIT Common Shares
WisdomTree Inc. Common Stock,WisdomTree Inc.
TeraWulf Inc. Common Stock,TeraWulf Inc.
Woodward Inc. Common Stock,Woodward Inc.
Beyond Air Inc. Common Stock,Beyond Air Inc.
XBiotech Inc. Common Stock,XBiotech Inc.
Exicure Inc. Common Stock,Exicure Inc.
Xcel Energy Inc. Common Stock,Xcel Energy Inc.
Xcel Brands Inc. Common Stock,Xcel Brands Inc.
Exagen Inc. Common Stock,Exagen Inc.
Xencor Inc. Common Stock,Xencor Inc.
XOMA Corporation Common Stock,XOMA Corporation
Xos Inc. Common Stock,Xos Inc.
Xos Inc. Warrants,Xos Inc. Warrants
XP Inc. Class A Common Stock,XP Inc. Class A
XPAC Acquisition Corp. Unit,XPAC Acquisition Corp. Unit
XPEL Inc. Common Stock,XPEL Inc.
Xperi Inc. Common Stock,Xperi Inc.
XPO Logistics Inc.,XPO Logistics Inc.
Expion360 Inc. Common Stock,Expion360 Inc.
XWELL Inc. Common Stock,XWELL Inc.
Xylem Inc. Common Stock New,Xylem Inc. New
cbdMD Inc. Common Stock,cbdMD Inc.
Yelp Inc. Common Stock,Yelp Inc.
Yext Inc. Common Stock,Yext Inc.
Yum! Brands Inc.,Yum! Brands Inc.
Ziff Davis Inc. Common Stock,Ziff Davis Inc.
Zendesk Inc. Common Stock,Zendesk Inc.
ZimVie Inc. Common Stock,ZimVie Inc.
Zivo Bioscience Inc. Warrants,Zivo Bioscience Inc. Warrants
Zomedica Corp. Common Shares,Zomedica Corp. Common Shares
Zscaler Inc. Common Stock,Zscaler Inc.
Zentek Ltd. Common Stock,Zentek Ltd.
Virtus Total Return Fund Inc.,Virtus Total Return Fund Inc.
Zumiez Inc. Common Stock,Zumiez Inc.
Zymeworks Inc. Common Shares,Zymeworks Inc. Common Shares
Zynex Inc. Common Stock,Zynex Inc.
