Symbol,Company
AAON,AAON Inc. Common Stock
AAP,Advance Auto Parts Inc.
AAPL,Apple Inc. Common Stock
ABB,ABB Ltd Common Stock
ABBV,AbbVie Inc. Common Stock
ABCB,Ameris Bancorp Common Stock
ABMD,ABIOMED Inc. Common Stock
ACA,Arcosa Inc. Common Stock 
ACCD,Accolade Inc. Common Stock
ACDCW,ProFrac Holding Corp. Warrant
ACEL,Accel Entertainment Inc. 
ACET,Adicet Bio Inc. Common Stock 
ACIU,AC Immune SA Common Stock
ACLX,Arcellx Inc. Common Stock
ACM,AECOM Common Stock
ACNB,ACNB Corporation Common Stock
ACON,Aclarion Inc. Common Stock
ACONW,Aclarion Inc. Warrant
ADBE,Adobe Inc. Common Stock
ADEA,Adeia Inc. Common Stock
ADNT,Adient plc Ordinary Shares 
ADOCR,Edoc Acquisition Corp. Right
ADSEW,ADS-TEC ENERGY PLC Warrant
ADSK,Autodesk Inc. Common Stock
ADT,ADT Inc. Common Stock
ADTX,Aditxt Inc. Common Stock
AEG,AEGON N.V. Common Stock
AEI,Alset Inc. Common Stock (TX)
AEYE,AudioEye Inc. Common Stock
AFAQU,AF Acquisition Corp. Units
AFAQW,AF Acquisition Corp. Warrants
AFCG,AFC Gamma Inc. Common Stock
AFMD,Affimed N.V.
AFRIW,Forafric Global PLC Warrants
AGCO,AGCO Corporation Common Stock
AGEN,Agenus Inc. Common Stock
AGGRU,Agile Growth Corp. Units
AGGRW,Agile Growth Corp. Warrant.
AGR,Avangrid Inc. Common Stock
AGRO,Adecoagro S.A. Common Shares
AGS,PlayAGS Inc. Common Stock
AGTI,Agiliti Inc. Common Stock
AGX,Argan Inc. Common Stock
AHG,Akso Health Group ADS
AIMD,Ainos Inc. Common Stock
AIMDW,Ainos Inc. Warrants
AIP,Arteris Inc. Common Stock
AIR,AAR Corp. Common Stock
AIRG,Airgain Inc. Common Stock
AIRT,Air T Inc. Common Stock
AIU,Meta Data Limited ADS
AIZ,Assurant Inc. Common Stock
AJX,Great Ajax Corp. Common Stock
AKAN,Akanda Corp. Common Shares
AKLI,Akili Inc. Common Stock
AKO/A,Embotelladora Andina S.A.
AKO/B,Embotelladora Andina S.A.
AKTX,Akari Therapeutics plc ADS
AKU,Akumin Inc. Common Stock (DE)
AKUS,Akouos Inc. Common Stock
ALC,Alcon Inc. Ordinary Shares
ALCO,Alico Inc. Common Stock
ALE,Allete Inc.
ALEC,Alector Inc. Common Stock
ALG,Alamo Group Inc. Common Stock
ALKS,Alkermes plc Ordinary Shares
ALLE,Allegion plc Ordinary Shares
ALLG,Allego N.V. Ordinary Share
ALLK,Allakos Inc. Common Stock
ALLT,Allot Ltd. Ordinary Shares
ALOT,AstroNova Inc. Common Stock
ALR,AlerisLife Inc. Common Stock
ALT,Altimmune Inc. Common Stock
ALV,Autoliv Inc. Common Stock
ALVO,Alvotech Ordinary Shares
ALVOW,Alvotech Warrant
ALVR,AlloVir Inc. Common Stock
ALX,Alexander's Inc. Common Stock
AMCR,Amcor plc Ordinary Shares
AME,AMETEK Inc.
AMED,Amedisys Inc Common Stock
AMGN,Amgen Inc. Common Stock
AMPGW,Amplitech Group Inc. Warrants
AMRN,Amarin Corporation plc
AMRS,Amyris Inc. Common Stock
AMSF,AMERISAFE Inc. Common Stock
AMST,Amesite Inc. Common Stock
AMZN,Amazon.com Inc. Common Stock
AN,AutoNation Inc. Common Stock
ANAB,AnaptysBio Inc. Common Stock
ANGH,Anghami Inc. Ordinary Shares
ANGHW,Anghami Inc. Warrants
ANIP,ANI Pharmaceuticals Inc.
ANNX,Annexon Inc. Common Stock
ANSS,ANSYS Inc. Common Stock
ANVS,Annovis Bio Inc. Common Stock
ANY,Sphere 3D Corp. Common Shares
AORT,Artivion Inc. Common Stock
APA,APA Corporation Common Stock
APGN,Apexigen Inc. Common Stock
APGNW,Apexigen Inc. Warrant
APPH,AppHarvest Inc. Common Stock
APPHW,AppHarvest Inc. Warrants
APTV,Aptiv PLC Ordinary Shares
APTX,Aptinyx Inc. Common Stock
APXIU,APx Acquisition Corp. I Unit
AQMS,Aqua Metals Inc. Common Stock
ARAV,Aravive Inc. Common Stock
ARBEW,Arbe Robotics Ltd. Warrant
ARBGU,Aequi Acquisition Corp. Unit
ARDX,Ardelyx Inc. Common Stock
ARGUU,Argus Capital Corp. Unit
ARGUW,Argus Capital Corp. Warrant
ARIZR,Arisz Acquisition Corp. Right
ARKO,ARKO Corp. Common Stock
ARKOW,ARKO Corp. Warrant
ARMK,Aramark Common Stock
AROC,Archrock Inc. Common Stock
ARQQW,Arqit Quantum Inc. Warrants
ARR,ARMOUR Residential REIT Inc.
ARVL,Arrival Ordinary Shares
ARVN,Arvinas Inc. Common Stock
ASAI,Sendas Distribuidora S A ADS
ASAXU,Astrea Acquisition Corp. Unit
ASH,Ashland Inc. Common Stock
ASIX,AdvanSix Inc. Common Stock 
ASPA,ABRI SPAC I INC. Common Stock
ASPAW,ABRI SPAC I INC. Warrant
ASPU,Aspen Group Inc. Common Stock
ASTSW,AST SpaceMobile Inc. Warrant
ATCO,Atlas Corp. Common Shares
ATCO^D,Atlas Corp. 7.95% Series D
ATCO^H,Atlas Corp. 7.875% Series H
ATER,Aterian Inc. Common Stock
ATEX,Anterix Inc. Common Stock
ATHX,Athersys Inc. Common Stock
ATI,ATI Inc. Common Stock
ATKR,Atkore Inc. Common Stock
ATNX,Athenex Inc. Common Stock
ATR,AptarGroup Inc. Common Stock
ATRC,AtriCure Inc. Common Stock
ATTO,Atento S.A. Ordinary Shares
AUD,Audacy Common Stock
AUDC,AudioCodes Ltd. Common Stock
AUGX,Augmedix Inc. Common Stock
AUID,authID Inc. Common Stock
AURCU,Aurora Acquisition Corp. Unit
AUUD,Auddia Inc. Common Stock
AUUDW,Auddia Inc. Warrants
AUVI,Applied UV Inc. Common Stock
AVGO,Broadcom Inc. Common Stock
AVGR,Avinger Inc. Common Stock
AVPTW,AvePoint Inc. Warrant
AVRO,AVROBIO Inc. Common Stock
AVT,Avnet Inc. Common Stock
AVTR,Avantor Inc. Common Stock
AWRE,Aware Inc. Common Stock
AXGN,Axogen Inc. Common Stock
AXNX,Axonics Inc. Common Stock
AXTI,AXT Inc Common Stock
AYI,Acuity Brands Inc. 
AYRO,AYRO Inc. Common Stock
AZO,AutoZone Inc. Common Stock
AZTA,Azenta Inc.
AZZ,AZZ Inc.
BAK,Braskem SA ADR
BALL,Ball Corporation Common Stock
BAP,Credicorp Ltd. Common Stock
BASE,Couchbase Inc. Common Stock
BBAI,BigBear.ai Inc. Common Stock
BBAR,Banco BBVA Argentina S.A. ADS
BBDC,Barings BDC Inc. Common Stock
BBLGW,Bone Biologics Corp Warrants
BBWI,Bath & Body Works Inc.
BCAB,BioAtla Inc. Common Stock
BCDA,BioCardia Inc. Common Stock
BCDAW,BioCardia Inc. Warrant
BCE,BCE Inc. Common Stock
BCML,BayCom Corp Common Stock
BCOR,Blucora Inc. Common Stock
BCOV,Brightcove Inc. Common Stock
BCS,Barclays PLC Common Stock
BCV,Bancroft Fund Ltd.
BDC,Belden Inc Common Stock
BDSX,Biodesix Inc. Common Stock
BEAT,Heartbeam Inc. Common Stock
BEATW,Heartbeam Inc. Warrant
BEEM,Beam Global Common Stock
BEEMW,Beam Global Warrant
BF/A,Brown Forman Corporation
BF/B,Brown Forman Corporation
BFRI,Biofrontera Inc. Common Stock
BFRIW,Biofrontera Inc. Warrants
BG,Bunge Limited Bunge Limited
BGI,Birks Group Inc. Common Stock
BGRYW,Berkshire Grey Inc. Warrant
BGSF,BGSF Inc. Common Stock
BHIL,Benson Hill Inc. Common Stock
BHVN,Biohaven Ltd. Common Shares 
BIDU,Baidu Inc. ADS
BIG,Big Lots Inc. Common Stock
BIIB,Biogen Inc. Common Stock
BIO/B,Bio-Rad Laboratories Inc.
BIOC,Biocept Inc. Common Stock
BIOL,Biolase Inc. Common Stock
BITF,Bitfarms Ltd. Common Stock
BKU,BankUnited Inc. Common Stock
BL,BlackLine Inc. Common Stock
BLD,TopBuild Corp. Common Stock
BLEUR,bleuacacia ltd Rights
BLEUW,bleuacacia ltd Warrants
BLK,BlackRock Inc. Common Stock
BLKB,Blackbaud Inc. Common Stock
BLNKW,Blink Charging Co. Warrant
BMO,Bank Of Montreal Common Stock
BMRA,Biomerica Inc. Common Stock
BNGOW,Bionano Genomics Inc. Warrant
BOOM,DMC Global Inc. Common Stock
BOX,Box Inc. Class A Common Stock
BOXD,Boxed Inc. Common Stock
BP,BP p.l.c. Common Stock
BPOP,Popular Inc. Common Stock
BRCC,BRC Inc. Class A Common Stock
BRFS,BRF S.A.
BRK/A,Berkshire Hathaway Inc.
BRK/B,Berkshire Hathaway Inc.
BRSHW,Bruush Oral Care Inc. Warrant
BSAC,Banco Santander - Chile ADS
BSRR,Sierra Bancorp Common Stock
BSVN,Bank7 Corp. Common stock
BTBD,BT Brands Inc. Common Stock
BTBDW,BT Brands Inc. Warrant
BTCM,BIT Mining Limited ADS
BTCS,BTCS Inc. Common Stock
BTCY,Biotricity Inc. Common Stock
BTMDW,Biote Corp. Warrant
BWA,BorgWarner Inc. Common Stock
BWEN,Broadwind Inc. Common Stock
BX,Blackstone Inc. Common Stock
BXRX,Baudax Bio Inc. Common Stock
BYND,Beyond Meat Inc. Common Stock
BZFDW,BuzzFeed Inc. Warrant
C,Citigroup Inc. Common Stock
CABO,Cable One Inc. Common Stock
CADE,Cadence Bank Common Stock
CADE^A,Cadence Bank 5.50% Series A 
CAE,CAE Inc. Ordinary Shares
CAL,Caleres Inc. Common Stock
CALX,Calix Inc Common Stock
CAMP,CalAmp Corp. Common Stock
CAMT,Camtek Ltd. Ordinary Shares
CANB,Can B Corp.
CARS,Cars.com Inc. Common Stock 
CAT,Caterpillar Inc. Common Stock
CB,Chubb Limited  Common Stock
CBRGU,Chain Bridge I Units
CBRGW,Chain Bridge I Warrants
CBZ,CBIZ Inc. Common Stock
CCK,Crown Holdings Inc.
CCZ,Comcast Holdings ZONES
CDLX,Cardlytics Inc. Common Stock
CDNA,CareDx Inc. Common Stock
CDW,CDW Corporation Common Stock
CDXS,Codexis Inc. Common Stock
CDZI,CADIZ Inc. Common Stock
CDZIP,Cadiz Inc. Depositary Shares
CEADW,CEA Industries Inc. Warrant
CELC,Celcuity Inc. Common Stock
CELUW,Celularity Inc. Warrant
CENQU,CENAQ Energy Corp. Unit
CENQW,CENAQ Energy Corp. Warrant
CEQP,Crestwood Equity Partners LP
CERT,Certara Inc. Common Stock
CETX,Cemtrex Inc. Common Stock
CEVA,CEVA Inc. Common Stock
CFIVU,CF Acquisition Corp. IV Unit
CFMS,Conformis Inc. Common Stock
CGEN,Compugen Ltd. Ordinary Shares
CHE,Chemed Corp
CHEK,Check-Cap Ltd. Ordinary Share
CHGG,Chegg Inc. Common Stock
CHS,Chico's FAS Inc. Common Stock
CHT,Chunghwa Telecom Co. Ltd.
CIB,BanColombia S.A. Common Stock
CIFRW,Cipher Mining Inc. Warrant
CING,Cingulate Inc. Common Stock
CINGW,Cingulate Inc. Warrants
CITEU,Cartica Acquisition Corp Unit
CKX,CKX Lands Inc. Common Stock
CLBTW,Cellebrite DI Ltd. Warrants
CLDX,Celldex Therapeutics Inc.
CLFD,Clearfield Inc. Common Stock
CLNN,Clene Inc. Common Stock
CLNNW,Clene Inc. Warrant
CLRCR,ClimateRock Right
CLRCU,ClimateRock Unit
CLRMU,Clarim Acquisition Corp. Unit
CLS,Celestica Inc. Common Stock
CLSK,CleanSpark Inc. Common Stock
CLVT,Clarivate Plc Ordinary Shares
CLXT,Calyxt Inc. Common Stock
CMAXW,CareMax Inc. Warrant
CMI,Cummins Inc. Common Stock
CMPOW,CompoSecure Inc. Warrant
CMRX,Chimerix Inc. Common Stock
CNTG,Centogene N.V. Common Shares
COHN,Cohen & Company Inc.
COHR,Coherent Corp. Common Stock
COHU,Cohu Inc. Common Stock
COLIU,Colicity Inc. Units
COLIW,Colicity Inc. Warrant
CONN,Conn's Inc. Common Stock
CONXU,CONX Corp. Unit
CONXW,CONX Corp. Warrant
COOK,Traeger Inc. Common Stock
COP,ConocoPhillips Common Stock
CORZW,Core Scientific Inc. Warrant
COUR,Coursera Inc. Common Stock
COVAU,COVA Acquisition Corp. Unit
CPRT,Copart Inc. (DE) Common Stock
CPTN,Cepton Inc. Common Stock
CPTNW,Cepton Inc. Warrant
CRD/A,Crawford & Company
CRD/B,Crawford & Company
CRI,Carter's Inc. Common Stock
CRIS,Curis Inc. Common Stock
CRM,Salesforce Inc. Common Stock
CRMD,CorMedix Inc. Common Stock
CRNC,Cerence Inc. Common Stock
CROX,Crocs Inc. Common Stock
CRVL,CorVel Corp. Common Stock
CRWS,Crown Crafts Inc Common Stock
CSAN,Cosan S.A. ADS
CSPI,CSP Inc. Common Stock
CSX,CSX Corporation Common Stock
CTIB,Yunhong CTI Ltd. Common Stock
CTLP,Cantaloupe Inc. Common Stock
CTLT,Catalent Inc. Common Stock
CTM,Castellum Inc. Common Stock
CTRN,Citi Trends Inc. Common Stock
CTS,CTS Corporation Common Stock
CTV,Innovid Corp. Common Stock
CTVA,Corteva Inc. Common Stock 
CUBE,CubeSmart Common Shares
CUEN,Cuentas Inc. Common Stock
CUENW,Cuentas Inc. Warrant
CUK,Carnival Plc ADS ADS
CULP,Culp Inc. Common Stock
CURIW,CuriosityStream Inc. Warrant
CUTR,Cutera Inc. Common Stock
CVAC,CureVac N.V. Ordinary Shares
CVI,CVR Energy Inc. Common Stock
CVRX,CVRx Inc. Common Stock
CWBR,CohBar Inc. Common Stock
CXDO,Crexendo Inc. Common Stock
CXW,CoreCivic Inc. Common Stock
CYBN,Cybin Inc. Common Shares
CYN,Cyngn Inc. Common Stock
CYRN,CYREN Ltd. Ordinary Shares
CYRX,CryoPort Inc. Common Stock
DAKT,Daktronics Inc. Common Stock
DATS,DatChat Inc. Common Stock
DAVEW,Dave Inc. Warrants
DB,Deutsche Bank AG Common Stock
DBRG,DigitalBridge Group Inc.
DCBO,Docebo Inc. Common Shares
DCFCW,Tritium DCFC Limited Warrant
DCGO,DocGo Inc. Common Stock
DDS,Dillard's Inc. Common Stock
DDT,Dillard's Capital Trust I
DE,Deere & Company Common Stock
DEN,Denbury Inc. Common Stock
DEO,Diageo plc Common Stock
DHBCU,DHB Capital Corp. Unit
DHBCW,DHB Capital Corp. Warrant
DHCAU,DHC Acquisition Corp. Unit
DHCAW,DHC Acquisition Corp. Warrant
DHI,D.R. Horton Inc. Common Stock
DHT,DHT Holdings Inc.
DHX,DHI Group Inc. Common Stock
DIBS,1stdibs.com Inc. Common Stock
DLHC,DLH Holdings Corp.
DLTR,Dollar Tree Inc. Common Stock
DMTK,DermTech Inc. Common Stock
DNAY,Codex DNA Inc. Common Stock
DNOW,NOW Inc. Common Stock
DOCU,DocuSign Inc. Common Stock
DOLE,Dole plc Ordinary Shares
DOW,Dow Inc. Common Stock 
DPRO,Draganfly Inc. Common Shares
DRQ,Dril-Quip Inc. Common Stock
DS,Drive Shack Inc.
DS^D,Drive Shack Inc. Pfd Ser D
DSKE,Daseke Inc. Common Stock
DSS,DSS Inc. Common Stock
DT,Dynatrace Inc. Common Stock
DTEA,DAVIDsTEA Inc. Common Stock
DTSS,Datasea Inc. Common Stock
DVA,DaVita Inc. Common Stock
DXCM,DexCom Inc. Common Stock
DZSI,DZS Inc. Common Stock
E,ENI S.p.A. Common Stock
EACPU,Edify Acquisition Corp. Units
EAR,Eargo Inc. Common Stock
EBAY,eBay Inc. Common Stock
EBET,EBET INC. Common Stock
EBF,Ennis Inc. Common Stock
EBIX,Ebix Inc. Common Stock
ECBK,ECB Bancorp Inc. Common Stock
ECL,Ecolab Inc. Common Stock
ECOR,electroCore Inc. Common Stock
ECVT,Ecovyst Inc. Common Stock
EDRY,EuroDry Ltd. Common Shares 
EFX,Equifax Inc. Common Stock
EFXT,Enerflex Ltd Common Shares
EGHT,8x8 Inc Common Stock
EGIO,Edgio Inc. Common Stock
EH,EHang Holdings Limited ADS
EHAB,Enhabit Inc. Common Stock
EHTH,eHealth Inc. Common Stock
ELMD,Electromed Inc. Common Stock
ELME,Elme Communities Common Stock
ELTK,Eltek Ltd. Ordinary Shares
EMBC,Embecta Corp. Common Stock
EME,EMCOR Group Inc. Common Stock
ENB,Enbridge Inc Common Stock
ENS,EnerSys Common Stock
ENTG,Entegris Inc. Common Stock
ENTXW,Entera Bio Ltd. Warrant
ENV,Envestnet Inc Common Stock
EOLS,Evolus Inc. Common Stock
EPIX,ESSA Pharma Inc. Common Stock
EPR,EPR Properties Common Stock
EQ,Equillium Inc. Common Stock
EQNR,Equinor ASA
EQRX,EQRx Inc.  Common Stock
EQRXW,EQRx Inc. Warrant
EQT,EQT Corporation Common Stock
ERAS,Erasca Inc. Common Stock
ERJ,Embraer S.A. Common Stock
ESAB,ESAB Corporation Common Stock
ESMT,EngageSmart Inc. Common Stock
ESTC,Elastic N.V. Ordinary Shares
ETNB,89bio Inc. Common Stock
ETSY,Etsy Inc. Common Stock
EURN,Euronav NV Ordinary Shares
EVA,Enviva Inc. Common Stock
EVBG,Everbridge Inc. Common Stock
EVEX,Eve Holding Inc. Common Stock
EVGN,Evogene Ltd Ordinary Shares
EVGOW,EVgo Inc. Warrants
EVGRW,Evergreen Corporation Warrant
EVOJU,Evo Acquisition Corp. Unit
EVOJW,Evo Acquisition Corp. Warrant
EVRG,Evergy Inc. Common Stock
EVTC,Evertec Inc. Common Stock
EXEL,Exelixis Inc. Common Stock
EXPO,Exponent Inc. Common Stock
EXPR,Express Inc. Common Stock
EYEN,Eyenovia Inc. Common Stock
FAMI,Farmmi Inc. Ordinary Shares
FAST,Fastenal Company Common Stock
FATBW,FAT Brands Inc. Warrant
FAZEW,FaZe Holdings Inc. Warrant
FBMS,First Bancshares Inc.
FBNC,First Bancorp Common Stock
FEMY,Femasys Inc. Common Stock
FERG,Ferguson plc Ordinary Shares
FFBW,FFBW Inc. Common Stock (MD)
FFIV,F5 Inc. Common Stock
FGEN,FibroGen Inc Common Stock
FGIWW,FGI Industries Ltd. Warrant
FGMC,FG Merger Corp. Common Stock
FGMCU,FG Merger Corp. Unit
FGMCW,FG Merger Corp. Warrant
FHLTU,Future Health ESG Corp. Unit
FINW,FinWise Bancorp Common Stock
FISV,Fiserv Inc. Common Stock
FIVE,Five Below Inc. Common Stock
FIVN,Five9 Inc. Common Stock
FL,Foot Locker Inc.
FLEX,Flex Ltd. Ordinary Shares
FLNG,FLEX LNG Ltd. Ordinary Shares
FLNT,Fluent Inc. Common Stock
FMC,FMC Corporation Common Stock
FN,Fabrinet Ordinary Shares
FNA,Paragon 28 Inc. Common Stock
FNV,Franco-Nevada Corporation
FNWD,Finward Bancorp Common Stock
FORA,Forian Inc. Common Stock
FPAY,FlexShopper Inc. Common Stock
FRBA,First Bank Common Stock
FREY,FREYR Battery Ordinary Shares
FROG,JFrog Ltd. Ordinary Shares
FRPT,Freshpet Inc. Common Stock
FRZA,Forza X1 Inc. Common Stock
FSBW,FS Bancorp Inc. Common Stock
FSLR,First Solar Inc. Common Stock
FSRDW,Fast Radius Inc. Warrants
FTCI,FTC Solar Inc. Common Stock
FTDR,Frontdoor Inc. Common Stock
FTEK,Fuel Tech Inc. Common Stock
FTI,TechnipFMC plc Ordinary Share
FTNT,Fortinet Inc. Common Stock
FTS,Fortis Inc. Common Shares
FUBO,fuboTV Inc. Common Stock
FUN,Cedar Fair L.P. Common Stock
FUV,Arcimoto Inc. Common Stock
FVCB,FVCBankcorp Inc. Common Stock
G,Genpact Limited Common Stock
GAN,GAN Limited Ordinary Shares
GASS,StealthGas Inc. Common Stock
GATX,GATX Corporation Common Stock
GAU,Galiano Gold Inc.
GCI,Gannett Co. Inc. Common Stock
GCMGW,GCM Grosvenor Inc. Warrant
GCO,Genesco Inc. Common Stock
GCTK,GlucoTrack Inc. Common Stock
GDS,GDS Holdings Limited ADS
GEN,Gen Digital Inc. Common Stock
GENE,Genetic Technologies Ltd ADS
GEO,Geo Group Inc (The) REIT
GES,Guess? Inc. Common Stock
GEVO,Gevo Inc. Common Stock
GGB,Gerdau S.A. Common Stock
GGE,Green Giant Inc. Common Stock
GGG,Graco Inc. Common Stock
GGR,Gogoro Inc. Ordinary Shares
GGROW,Gogoro Inc. Warrant
GHIXU,Gores Holdings IX Inc. Unit
GIB,CGI Inc. Common Stock
GIIXU,Gores Holdings VIII Inc. Unit
GL,Globe Life Inc. Common Stock
GLDG,GoldMining Inc. Common Shares
GLG,TD Holdings Inc. Common Stock
GLNG,Golar Lng Ltd
GLOB,Globant S.A. Common Shares
GLTO,Galecto Inc. Common Stock
GMAB,Genmab A/S ADS
GMS,GMS Inc. Common Stock
GNPX,Genprex Inc. Common Stock
GNSS,Genasys Inc. Common Stock
GOEVW,Canoo Inc. Warrant
GOGO,Gogo Inc. Common Stock
GOVX,GeoVax Labs Inc. Common Stock
GOVXW,GeoVax Labs Inc. Warrants
GPRK,Geopark Ltd Common Shares
GPS,Gap Inc. (The) Common Stock
GRABW,Grab Holdings Limited Warrant
GRIL,Muscle Maker Inc Common Stock
GRPN,Groupon Inc. Common Stock
GSAT,Globalstar Inc. Common Stock
GSEVU,Gores Holdings VII Inc. Units
GSIT,GSI Technology Common Stock
GTH,Genetron Holdings Limited ADS
GVP,GSE Systems Inc. Common Stock
GWH,ESS Tech Inc. Common Stock
GXIIU,GX Acquisition Corp. II Unit
GYRO,Gyrodyne LLC Common Stock
HAS,Hasbro Inc. Common Stock
HBI,Hanesbrands Inc. Common Stock
HCI,HCI Group Inc. Common Stock
HCMAW,HCM Acquisition Corp Warrant
HEI/A,Heico Corporation
HES,Hess Corporation Common Stock
HEXO,HEXO Corp. Common Shares
HFRO,Highland Income Fund
HGEN,Humanigen Inc. Common Stock
HHGCU,HHG Capital Corporation Units
HHS,Harte-Hanks Inc. Common Stock
HI,Hillenbrand Inc Common Stock
HIBB,Hibbett Inc. Common Stock
HITI,High Tide Inc. Common Shares
HLBZW,Helbiz Inc. Warrant
HLGN,Heliogen Inc. Common Stock
HLIT,Harmonic Inc. Common Stock
HLLY,Holley Inc. Common Stock
HLTH,Cue Health Inc. Common Stock
HLVX,HilleVax Inc. Common Stock
HMST,HomeStreet Inc. Common Stock
HNI,HNI Corporation Common Stock
HOLX,Hologic Inc. Common Stock
HOUR,Hour Loop Inc. Common Stock
HPKEW,HighPeak Energy Inc. Warrant
HPQ,HP Inc. Common Stock
HRB,H&R Block Inc. Common Stock
HSTO,Histogen Inc. Common Stock
HTH,Hilltop Holdings Inc.
HTOOW,Fusion Fuel Green PLC Warrant
HUBB,Hubbell Inc Common Stock
HUBS,HubSpot Inc. Common Stock
HUM,Humana Inc. Common Stock
HUMA,Humacyte Inc. Common Stock
HUMAW,Humacyte Inc. Warrant
HVBC,HV Bancorp Inc. Common Stock
HWKN,Hawkins Inc. Common Stock
HYRE,HyreCar Inc. Common Stock
HYZNW,Hyzon Motors Inc. Warrants
IAA,IAA Inc. Common Stock 
IAC,IAC Inc. Common Stock
IAUX,i-80 Gold Corp. Common Shares
IBEX,IBEX Limited Common Shares
IBIO,iBio Inc. Common Stock
IBRX,ImmunityBio Inc. Common Stock
ICAD,iCAD Inc. Common Stock
ICLR,ICON plc Ordinary Shares
ICUI,ICU Medical Inc. Common Stock
ICVX,Icosavax Inc. Common Stock
IDA,IDACORP Inc. Common Stock
IDEX,Ideanomics Inc. Common Stock
IEX,IDEX Corporation Common Stock
IFRX,InflaRx N.V. Common Stock
IGACU,IG Acquisition Corp. Unit
IGACW,IG Acquisition Corp. Warrant
ILMN,Illumina Inc. Common Stock
IMACW,IMAC Holdings Inc. Warrant
IMAX,Imax Corporation Common Stock
IMGN,ImmunoGen Inc. Common Stock
IMNM,Immunome Inc. Common Stock
IMNN,Imunon Inc. Common Stock
IMRA,IMARA Inc. Common Stock
IMTX,Immatics N.V. Ordinary Shares
IMTXW,Immatics N.V. Warrants
IMUX,Immunic Inc. Common Stock
IMV,IMV Inc. Common Shares
IMVT,Immunovant Inc. Common Stock
INAB,IN8bio Inc. Common Stock
INBX,Inhibrx Inc. Common Stock
INCY,Incyte Corp. Common Stock
ING,ING Group N.V. Common Stock
INGN,Inogen Inc Common Stock
INMB,INmune Bio Inc. Common stock
INMD,InMode Ltd. Ordinary Shares
INOD,Innodata Inc. Common Stock
INPX,Inpixon Common Stock
INSG,Inseego Corp. Common Stock
INSI,Insight Select Income Fund
INSM,Insmed Inc. Common Stock
INTA,Intapp Inc. Common Stock
INTU,Intuit Inc. Common Stock
INTZ,Intrusion Inc. Common Stock
INUV,Inuvo Inc.
INVA,Innoviva Inc. Common Stock
INVE,Identiv Inc. Common Stock
IOBT,IO Biotech Inc. Common Stock
IONQ,IonQ Inc. Common Stock
IOSP,Innospec Inc. Common Stock
IPHA,Innate Pharma S.A. ADS
IPW,iPower Inc. Common Stock
IPWR,Ideal Power Inc. Common Stock
IRAAU,Iris Acquisition Corp Units
IRAAW,Iris Acquisition Corp Warrant
IRNT,IronNet Inc. Common Stock
IROQ,IF Bancorp Inc. Common Stock
ISEE,IVERIC bio Inc. Common Stock
ISPC,iSpecimen Inc. Common Stock
ISR,IsoRay Inc. Common Stock (DE)
ISUN,iSun Inc. Common Stock
IT,Gartner Inc. Common Stock
ITI,Iteris Inc. Common Stock
ITRI,Itron Inc. Common Stock
ITT,ITT Inc. Common Stock 
IVAC,Intevac Inc. Common Stock
IVDAW,Iveda Solutions Inc. Warrant
IVVD,Invivyd Inc. Common Stock
IVZ,Invesco Ltd Common Stock
IX,Orix Corp Ads Common Stock
IXAQU,IX Acquisition Corp. Unit
IXAQW,IX Acquisition Corp. Warrant
JAN,JanOne Inc. Common Stock (NV)
JBL,Jabil Inc. Common Stock
JFBRW,Jeffs' Brands Ltd Warrant
JILL,J. Jill Inc. Common Stock
JOAN,JOANN Inc. Common Stock
JOB,GEE Group Inc. Common Stock
JUPWW,Jupiter Wellness Inc. Warrant
JWN,Nordstrom Inc. Common Stock
JYNT,The Joint Corp. Common Stock
K,Kellogg Company Common Stock
KAI,Kadant Inc Common Stock
KAIRU,Kairos Acquisition Corp. Unit
KARO,Karooooo Ltd. Ordinary Shares
KB,KB Financial Group Inc
KBH,KB Home Common Stock
KBNT,Kubient Inc. Common Stock
KBR,KBR Inc. Common Stock
KERN,Akerna Corp. Common Stock
KERNW,Akerna Corp Warrant
KEY,KeyCorp Common Stock
KFRC,Kforce Inc. Common Stock
KFY,Korn Ferry Common Stock
KIRK,Kirkland's Inc. COMMONSTOCK
KKR,KKR & Co. Inc. Common Stock
KLAC,KLA Corporation Common Stock
KLAQU,KL Acquisition Corp Unit
KLR,Kaleyra Inc. Common Stock
KLTR,Kaltura Inc. Common Stock
KMDA,Kamada Ltd. Ordinary Shares
KMPH,KemPharm Inc. Common Stock
KMPR,Kemper Corporation
KMT,Kennametal Inc. Common Stock
KMX,CarMax Inc
KNW,Know Labs Inc. Common Stock
KOSS,Koss Corporation Common Stock
KRON,Kronos Bio Inc. Common Stock
KT,KT Corporation Common Stock
KTF,DWS Municipal Income Trust
KWR,Quaker Houghton Common Stock
LASR,nLIGHT Inc. Common Stock
LATGW,LatAmGrowth SPAC Warrants
LAW,CS Disco Inc. Common Stock
LAXXR,8i Acquisition 2 Corp. Rights
LAXXU,8i Acquisition 2 Corp. Unit
LCFY,Locafy Limited Ordinary Share
LCI,Lannett Co Inc Common Stock
LCID,Lucid Group Inc. Common Stock
LCII,LCI Industries
LCNB,LCNB Corporation Common Stock
LDHAU,LDH Growth Corp I Units
LDHAW,LDH Growth Corp I Warrant
LE,Lands' End Inc. Common Stock
LEA,Lear Corporation Common Stock
LESL,Leslie's Inc. Common Stock
LFLYW,Leafly Holdings Inc. Warrant
LFMD,LifeMD Inc. Common Stock
LFUS,Littelfuse Inc. Common Stock
LGIH,LGI Homes Inc. Common Stock
LGMK,LogicMark Inc. Common Stock
LGO,Largo Inc. Common Shares
LGTOU,Legato Merger Corp. II Unit
LHCG,LHC Group Common Stock
LIDRW,AEye Inc. Warrant
LIFE,aTyr Pharma Inc. Common Stock
LILMW,Lilium N.V. Warrants
LIN,Linde plc Ordinary Share
LIONU,Lionheart III Corp Unit
LIONW,Lionheart III Corp Warrant
LIVN,LivaNova PLC Ordinary Shares
LKQ,LKQ Corporation Common Stock
LMDXW,LumiraDx Limited Warrant
LMND,Lemonade Inc. Common Stock
LMNR,Limoneira Co Common Stock
LNKB,LINKBANCORP Inc. Common Stock
LNSR,LENSAR Inc. Common Stock
LOAN,Manhattan Bridge Capital Inc
LODE,Comstock Inc. Common Stock
LOTZW,CarLotz Inc. Warrant
LPCN,Lipocine Inc. Common Stock
LPG,Dorian LPG Ltd. Common Stock
LPSN,LivePerson Inc. Common Stock
LPTV,Loop Media Inc. Common Stock
LRN,Stride Inc. Common Stock
LTCH,Latch Inc. Common Stock
LTRX,Lantronix Inc. Common Stock
LTRY,Lottery.com Inc. Common Stock
LTRYW,Lottery.com Inc. Warrants
LVO,LiveOne Inc. Common Stock
LVOXW,LiveVox Holdings Inc. Warrant
LVRAW,Levere Holdings Corp. Warrant
M,Macy's Inc Common Stock
MAN,ManpowerGroup Common Stock
MAPSW,WM Technology Inc. Warrants 
MASS,908 Devices Inc. Common Stock
MAT,Mattel Inc. Common Stock
MATX,Matson Inc. Common Stock
MAXR,Maxar Technologies Inc.
MAYS,J. W. Mays Inc. Common Stock
MBI,MBIA Inc. Common Stock
MBIO,Mustang Bio Inc. Common Stock
MDGSW,Medigus Ltd. Series C Warrant
MDJH,MDJM LTD Ordinary Share
MDXG,MiMedx Group Inc Common Stock
MED,MEDIFAST INC Common Stock
MEIP,MEI Pharma Inc. Common Stock
MET,MetLife Inc. Common Stock
MFA,MFA Financial Inc.
MGEE,MGE Energy Inc
MGNI,Magnite Inc. Common Stock
MGNX,MacroGenics Inc. Common Stock
MGPI,MGP Ingredients Inc.
MGRC,McGrath RentCorp Common Stock
MHLD,Maiden Holdings Ltd.
MHO,M/I Homes Inc. Common Stock
MICT,MICT Inc. Common Stock
MINM,Minim Inc. Common Stock
MLKN,MillerKnoll Inc. Common Stock
MMM,3M Company Common Stock
MMS,Maximus Inc. Common Stock
MNOV,Medicinova Inc Common Stock
MNRO,Monro Inc. Common Stock
MNST,Monster Beverage Corporation
MNTSW,Momentus Inc. Warrant
MO,Altria Group Inc.
MOBBW,Mobilicom Limited Warrants
MOBVU,Mobiv Acquisition Corp Unit
MODN,Model N Inc. Common Stock
MODV,ModivCare Inc. Common Stock
MOGO,Mogo Inc. Common Shares
MORN,Morningstar Inc. Common Stock
MOVE,Movano Inc. Common Stock
MPB,Mid Penn Bancorp Common Stock
MRC,MRC Global Inc. Common Stock
MRNA,Moderna Inc. Common Stock
MRUS,Merus N.V. Common Shares
MS,Morgan Stanley Common Stock
MSB,Mesabi Trust Common Stock
MSCI,MSCI Inc Common Stock
MSDAU,MSD Acquisition Corp. Unit
MSDAW,MSD Acquisition Corp. Warrant
MSPRW,MSP Recovery Inc. Warrant
MSPRZ,MSP Recovery Inc. Warrant
MTBC,CareCloud Inc. Common Stock
MTC,MMTec Inc. Common Shares
MTCH,Match Group Inc. Common Stock
MTCR,Metacrine Inc. Common Stock
MTRN,Materion Corporation
MTZ,MasTec Inc. Common Stock
MUSA,Murphy USA Inc. Common Stock
MVIS,MicroVision Inc. Common Stock
MXCT,MaxCyte Inc. Common Stock
MXL,MaxLinear Inc. Common Stock
MYO,Myomo Inc. Common Stock
MYRG,MYR Group Inc. Common Stock
MYSZ,My Size Inc. Common Stock
NABL,N-able Inc. Common Stock
NBN,Northeast Bank Common Stock
NBR,Nabors Industries Ltd.
NBTB,NBT Bancorp Inc. Common Stock
NCNO,nCino Inc. Common Stock
NCPL,Netcapital Inc. Common Stock
NCPLW,Netcapital Inc. Warrants
NCR,NCR Corporation Common Stock
NCRA,Nocera Inc. Common Stock
NDAQ,Nasdaq Inc. Common Stock
NEM,Newmont Corporation
NEO,NeoGenomics Inc. Common Stock
NEON,Neonode Inc. Common Stock
NEOV,NeoVolta Inc. Common Stock
NEPH,Nephros Inc. Common Stock
NETI,Eneti Inc. Common Stock
NEU,NewMarket Corp Common Stock
NEWR,New Relic Inc. Common Stock
NEXI,NexImmune Inc. Common Stock
NFLX,Netflix Inc. Common Stock
NG,Novagold Resources Inc.
NGD,New Gold Inc.
NGMS,NeoGames S.A. Ordinary Shares
NH,NantHealth Inc. Common Stock
NI,NiSource Inc Common Stock
NKE,Nike Inc. Common Stock
NKTX,Nkarta Inc. Common Stock
NLS,Nautilus Inc. Common Stock
NN,NextNav Inc. Common Stock
NNAVW,NextNav Inc. Warrant
NNBR,NN Inc. Common Stock
NNI,Nelnet Inc. Common Stock
NOAH,Noah Holdings Limited
NODK,NI Holdings Inc. Common Stock
NOGN,Nogin Inc. Common Stock
NOGNW,Nogin Inc. Warrant 
NOTV,Inotiv Inc. Common Stock
NOV,NOV Inc. Common Stock
NOVN,Novan Inc. Common Stock
NOVT,Novanta Inc. Common Stock
NOW,ServiceNow Inc. Common Stock
NPCE,Neuropace Inc. Common Stock
NPO,EnPro Industries Inc
NRG,NRG Energy Inc. Common Stock
NSP,Insperity Inc. Common Stock
NSPR,InspireMD Inc. Common Stock
NTAP,NetApp Inc. Common Stock
NTGR,NETGEAR Inc. Common Stock
NTR,Nutrien Ltd. Common Shares
NTRA,Natera Inc. Common Stock
NTRB,Nutriband Inc. Common Stock
NTRBW,Nutriband Inc. Warrant
NTST,NetSTREIT Corp. Common Stock
NTZ,Natuzzi S.p.A.
NURO,NeuroMetrix Inc. Common Stock
NUVA,NuVasive Inc. Common Stock
NUWE,Nuwellis Inc. Common Stock
NUZE,NuZee Inc. Common Stock
NVAX,Novavax Inc. Common Stock
NVCN,Neovasc Inc. Common Shares
NVEC,NVE Corporation Common Stock
NVEE,NV5 Global Inc. Common Stock
NVMI,Nova Ltd. Ordinary Shares
NVO,Novo Nordisk A/S Common Stock
NVR,NVR Inc. Common Stock
NVRO,Nevro Corp. Common Stock
NVS,Novartis AG Common Stock
NVVEW,Nuvve Holding Corp. Warrant
NWTNW,NWTN Inc. Warrant
NXGL,NexGel Inc Common Stock
NXGLW,NexGel Inc Warrant
NXPL,NextPlat Corp Common Stock
NXPLW,NextPlat Corp Warrants
NXTC,NextCure Inc. Common Stock
NYAX,Nayax Ltd. Ordinary Shares
NYXH,Nyxoah SA Ordinary Shares
OABI,OmniAb Inc. Common Stock
OABIW,OmniAb Inc. Warrant
OB,Outbrain Inc. Common Stock
OBLG,Oblong Inc. Common Stock
OBSV,ObsEva SA Ordinary Shares
OCAXU,OCA Acquisition Corp. Unit
OCAXW,OCA Acquisition Corp. Warrant
OCGN,Ocugen Inc. Common Stock
OFG,OFG Bancorp Common Stock
OFLX,Omega Flex Inc. Common Stock
OGE,OGE Energy Corp Common Stock
OGEN,Oragenics Inc. Common Stock
OGN,Organon & Co. Common Stock 
OGS,ONE Gas Inc. Common Stock
OHAAU,OPY Acquisition Corp. I Units
OHPAU,Orion Acquisition Corp. Unit
OI,O-I Glass Inc. Common Stock
OKE,ONEOK Inc. Common Stock
OLN,Olin Corporation Common Stock
OLO,Olo Inc. Class A Common Stock
OMQS,OMNIQ Corp. Common Stock
ONCR,Oncorus Inc. Common Stock
ONFOW,Onfolio Holdings Inc. Warrant
ONTF,ON24 Inc. Common Stock
OOMA,Ooma Inc. Common Stock
OP,OceanPal Inc. Common Stock
OPALW,OPAL Fuels Inc. Warrant
OPBK,OP Bancorp Common Stock
OPGN,OpGen Inc. Common Stock
OPK,OPKO Health Inc. Common Stock
OPTN,OptiNose Inc. Common Stock
ORAN,Orange
ORGS,Orgenesis Inc. Common Stock
OSPN,OneSpan Inc. Common Stock
OTIC,Otonomy Inc. Common Stock
OTRK,Ontrak Inc. Common Stock
OUST,Ouster Inc. Common Stock
OVV,Ovintiv Inc. (DE)
OZK,Bank OZK Common Stock
PACW,PacWest Bancorp Common Stock
PACXU,Pioneer Merger Corp. Unit
PACXW,Pioneer Merger Corp. Warrant
PALT,Paltalk Inc. Common Stock
PASG,Passage Bio Inc. Common Stock
PAVM,PAVmed Inc. Common Stock
PAVMZ,PAVmed Inc. Series Z Warrant
PAYOW,Payoneer Global Inc. Warrant
PAYS,Paysign Inc. Common Stock
PAYX,Paychex Inc. Common Stock
PCAR,PACCAR Inc. Common Stock
PCB,PCB Bancorp Common Stock
PCM,PCM Fund Inc. Common Stock
PCTI,PCTEL Inc. Common Stock
PCVX,Vaxcyte Inc. Common Stock
PD,PagerDuty Inc. Common Stock
PDEX,Pro-Dex Inc. Common Stock
PED,Pedevco Corp. Common Stock
PEGA,Pegasystems Inc. Common Stock
PEN,Penumbra Inc. Common Stock
PEP,PepsiCo Inc. Common Stock
PEPG,PepGen Inc. Common Stock
PET,Wag! Group Co. Common Stock
PETVW,PetVivo Holdings Inc. Warrant
PETWW,Wag! Group Co Warrant
PFBC,Preferred Bank Common Stock
PFE,Pfizer Inc. Common Stock
PFN,PIMCO Income Strategy Fund II
PFSW,PFSweb Inc. Common Stock
PGEN,Precigen Inc. Common Stock
PGNY,Progyny Inc. Common Stock
PGTI,PGT Innovations Inc.
PHGE,BiomX Inc. COmmon Stock
PHI,PLDT Inc. Sponsored ADR
PHM,PulteGroup Inc. Common Stock
PHR,Phreesia Inc. Common Stock
PHT,Pioneer High Income Fund Inc.
PHUN,Phunware Inc. Common Stock
PHUNW,Phunware Inc. Warrants
PI,Impinj Inc. Common Stock
PII,Polaris Inc. Common Stock
PIK,Kidpik Corp. Common Stock
PIXY,ShiftPixy Inc. Common Stock
PKBO,Peak Bio Inc. Common Stock
PKBOW,Peak Bio Inc. Warrant
PKI,PerkinElmer Inc. Common Stock
PLAB,Photronics Inc. Common Stock
PLBC,Plumas Bancorp
PLBY,PLBY Group Inc. Common Stock
PLD,Prologis Inc. Common Stock
PLUG,Plug Power Inc. Common Stock
PLUR,Pluri Inc. Common Stock
PLUS,ePlus inc. Common Stock
PLXP,PLx Pharma Inc. Common Stock
PLXS,Plexus Corp. Common Stock
PMD,Psychemedics Corporation
PNR,Pentair plc. Ordinary Share
POL,Polished Inc. Common Stock
POLA,Polar Power Inc. Common Stock
PONOU,Pono Capital Corp Unit
PONOW,Pono Capital Corp Warrant
POOL,Pool Corporation Common Stock
POWRU,Powered Brands Units
POWRW,Powered Brands Warrants
POWW,AMMO Inc. Common Stock
PPBI,Pacific Premier Bancorp Inc
PPL,PPL Corporation Common Stock
PRAA,PRA Group Inc. Common Stock
PRCH,Porch Group Inc. Common Stock
PRFT,Perficient Inc. Common Stock
PRI,Primerica Inc. Common Stock
PRLB,Proto Labs Inc. Common stock
PROCW,Procaps Group S.A. Warrants
PRPO,Precipio Inc.  Common Stock
PRSO,Peraso Inc. Common Stock
PRSRU,Prospector Capital Corp. Unit
PSA,Public Storage Common Stock
PSFE,Paysafe Limited Common Shares
PSMT,PriceSmart Inc. Common Stock
PSNL,Personalis Inc. Common Stock
PSO,Pearson Plc Common Stock
PSX,Phillips 66 Common Stock
PTC,PTC Inc. Common Stock
PTE,PolarityTE Inc. Common Stock
PTRA,Proterra Inc. Common Stock
PTRS,Partners Bancorp Common Stock
PTWOU,Pono Capital Two Inc. Unit
PUCKU,Goal Acquisitions Corp. Unit
PULM,Pulmatrix Inc. Common Stock
PVH,PVH Corp. Common Stock
PW,Power REIT (MD) Common Stock
PWFL,PowerFleet Inc. Common Stock
PX,P10 Inc. Class A Common Stock
PXLW,Pixelworks Inc.  Common Stock
PXMD,PaxMedica Inc. Common Stock
PXSAW,Pyxis Tankers Inc. Warrant
PYCR,Paycor HCM Inc. Common Stock
PYPD,PolyPid Ltd. Ordinary Shares
QGEN,Qiagen N.V. Common Shares 
QLYS,Qualys Inc. Common Stock
QNST,QuinStreet Inc. Common Stock
QRVO,Qorvo Inc. Common Stock
QTEKW,QualTek Services Inc. Warrant
QTWO,Q2 Holdings Inc. Common Stock
QUMU,Qumu Corporation Common Stock
QURE,uniQure N.V. Ordinary Shares
RACE,Ferrari N.V. Common Shares
RBB,RBB Bancorp Common Stock
RCG,RENN Fund Inc Common Stock
RCM,R1 RCM Inc. Common Stock
RCOR,Renovacor Inc. Common Stock
RDCM,Radcom Ltd. Ordinary Shares
RDNT,RadNet Inc. Common Stock
RDVT,Red Violet Inc. Common Stock 
RDWR,Radware Ltd. Ordinary Shares
REED,Reeds Inc. Common Stock
REI,Ring Energy Inc. Common Stock
RES,RPC Inc. Common Stock
REVG,REV Group Inc. Common Stock
RFACR,RF Acquisition Corp. Rights
RGLD,Royal Gold Inc. Common Stock
RGNX,REGENXBIO Inc. Common Stock
RH,RH Common Stock
RIO,Rio Tinto Plc Common Stock
RLI,RLI Corp. Common Stock (DE)
RMBS,Rambus Inc. Common Stock
RMD,ResMed Inc. Common Stock
RNXT,RenovoRx Inc. Common Stock
ROIVW,Roivant Sciences Ltd. Warrant
ROL,Rollins Inc. Common Stock
ROST,Ross Stores Inc. Common Stock
RPD,Rapid7 Inc. Common Stock
RPT,RPT Realty Common Stock
RPT^D,RPT Realty 7.25% 
RSVRW,Reservoir Media Inc. Warrant
RUMBW,Rumble Inc. Warrant
RUN,Sunrun Inc. Common Stock
RUSHB,Rush Enterprises Inc. Class B
RVSNW,Rail Vision Ltd. Warrant
RVYL,Ryvyl Inc. Common Stock
RXO,RXO Inc. Common Stock
RXRAU,RXR Acquisition Corp. Units
RXST,RxSight Inc. Common Stock
SAFE,Safehold Inc. Common Stock
SAIA,Saia Inc. Common Stock
SAP,SAP  SE ADS
SAR,Saratoga Investment Corp New
SATLW,Satellogic Inc. Warrant
SBNY,Signature Bank Common Stock
SCE^L,SCE TRUST VI
SCL,Stepan Company Common Stock
SCOAU,ScION Tech Growth I Unit
SCOAW,ScION Tech Growth I Warrant
SCOBU,ScION Tech Growth II Units
SCOR,comScore Inc. Common Stock
SCS,Steelcase Inc. Common Stock
SCSC,ScanSource Inc. Common Stock
SCWO,374Water Inc. Common Stock
SCYX,SCYNEXIS Inc. Common Stock
SDGR,Schrodinger Inc. Common Stock
SECO,Secoo Holding Limited ADS
SESN,Sesen Bio Inc. Common Stock
SEV,Sono Group N.V. Common Shares
SFL,SFL Corporation Ltd
SGBX,SG Blocks Inc. Common Stock
SGEN,Seagen Inc. Common Stock
SGRP,SPAR Group Inc. Common Stock
SGU,Star Group L.P. Common Stock
SHCRW,Sharecare Inc. Warrant
SHFSW,SHF Holdings Inc. Warrants
SIBN,SI-BONE Inc. Common Stock
SIEN,Sientra Inc. Common Stock
SII,Sprott Inc. Common Shares
SILC,Silicom Ltd Ordinary Shares
SILO,Silo Pharma Inc. Common Stock
SISI,Shineco Inc. Common Stock
SJW,SJW Group Common Stock (DE)
SKYW,SkyWest Inc. Common Stock
SLAMU,Slam Corp. Unit
SLAMW,Slam Corp. warrant
SLDPW,Solid Power Inc. Warrant
SLGCW,SomaLogic Inc. Warrant
SLM,SLM Corporation Common Stock
SLQT,SelectQuote Inc. Common Stock
SMFRW,Sema4 Holdings Corp. Warrant
SNAXW,Stryve Foods Inc. Warrant
SND,Smart Sand Inc. Common Stock
SNDL,SNDL Inc. Common Shares
SNES,SenesTech Inc. Common Stock
SNGX,Soligenix Inc. Common Stock
SNPS,Synopsys Inc. Common Stock
SNY,Sanofi ADS
SOBR,SOBR Safe Inc. Common Stock
SONDW,Sonder Holdings Inc. Warrants
SONO,Sonos Inc. Common Stock
SONX,Sonendo Inc. Common Stock
SOUNW,SoundHound AI Inc. Warrant
SPGI,S&P Global Inc. Common Stock
SPKAR,SPK Acquisition Corp. Right
SPKAU,SPK Acquisition Corp Unit
SPLK,Splunk Inc. Common Stock
SPRC,SciSparc Ltd. Ordinary Shares
SQL,SeqLL Inc. Common stock
SQLLW,SeqLL Inc. Warrant
SR,Spire Inc. Common Stock
SRCL,Stericycle Inc. Common Stock
SRDX,Surmodics Inc. Common Stock
SRE,DBA Sempra Common Stock
SRI,Stoneridge Inc. Common Stock
SRL,Scully Royalty Ltd.
SRT,StarTek Inc. Common Stock
SRZN,Surrozen Inc. Common Stock
SSRM,SSR Mining Inc. Common Stock
SSTI,ShotSpotter Inc. Common Stock
STAR          ,iStar Inc. Common Stock
STBA,S&T Bancorp Inc. Common Stock
STIM,Neuronetics Inc. Common Stock
STIXW,Semantix Inc. Warrant
STKL,SunOpta Inc. Common Stock
STLA,Stellantis N.V. Common Shares
STLD,Steel Dynamics Inc.
STN,Stantec Inc Common Stock
STRNW,Stran & Company Inc. Warrant
STXS,Stereotaxis Inc. Common Stock
SUMO,Sumo Logic Inc. Common Stock
SUNW,Sunworks Inc. Common Stock
SURG,SurgePays Inc. Common Stock
SURGW,SurgePays Inc. Warrant
SVFAU,SVF Investment Corp. Unit
SVFAW,SVF Investment Corp. Warrant
SVFD,Save Foods Inc. Common Stock
SVRA,Savara Inc. Common Stock
SVREW,SaverOne 2014 Ltd. Warrant
SWETU,Athlon Acquisition Corp. Unit
SWVLW,Swvl Holdings Corp Warrant
SYBX,Synlogic Inc. Common Stock
SYTAW,Siyata Mobile Inc. Warrant
SZZLU,Sizzle Acquisition Corp. Unit
T,AT&T Inc.
TALK,Talkspace Inc. Common Stock
TALKW,Talkspace Inc. Warrant
TAOP,Taoping Inc. Ordinary Shares 
TBBK,The Bancorp Inc Common Stock
TBI,TrueBlue Inc. Common Stock
TBLAW,Taboola.com Ltd. Warrant
TBSAU,TB SA Acquisition Corp Unit
TCBK,TriCo Bancshares Common Stock
TCDA,Tricida Inc. Common Stock
TDW,Tidewater Inc. Common Stock
TECH,Bio-Techne Corp Common Stock
TEF,Telefonica SA Common Stock
TELA,TELA Bio Inc. Common Stock
TELL,Tellurian Inc. Common Stock
TENKU,TenX Keane Acquisition Unit
TEO,Telecom Argentina SA
TER,Teradyne Inc. Common Stock
TGAN,Transphorm Inc. Common Stock
TGNA,TEGNA Inc
THG,Hanover Insurance Group Inc
THRM,Gentherm Inc Common Stock
TIL,Instil Bio Inc. Common Stock
TILE,Interface Inc. Common Stock
TIOAU,Tio Tech A Units
TIOAW,Tio Tech A Warrants
TIPT,Tiptree Inc. Common Stock
TISI,Team Inc. Common Stock
TLYS,Tilly's Inc. Common Stock
TMUS,T-Mobile US Inc. Common Stock
TNC,Tennant Company Common Stock
TNGX,Tango Therapeutics Inc.
TNK,Teekay Tankers Ltd.
TOPS,TOP Ships Inc. Common Stock
TOWN,TowneBank Common Stock
TPG,TPG Inc. Class A Common Stock
TPR,Tapestry Inc. Common Stock
TRC,Tejon Ranch Co Common Stock
TREE,LendingTree Inc. Common Stock
TRIP,TripAdvisor Inc. Common Stock
TRMB,Trimble Inc. Common Stock
TRMD,TORM plc Class A Common Stock
TRNS,Transcat Inc. Common Stock
TROO,TROOPS Inc. Ordinary Shares 
TRU,TransUnion Common Stock
TRUE,TrueCar Inc. Common Stock
TRUP,Trupanion Inc. Common Stock
TRVN,Trevena Inc. Common Stock
TSE,Trinseo PLC Ordinary Shares 
TSLA,Tesla Inc. Common Stock
TSN,Tyson Foods Inc. Common Stock
TSRI,TSR Inc. Common Stock
TT,Trane Technologies plc
TTE,TotalEnergies SE
TTEK,Tetra Tech Inc. Common Stock
TTGT,TechTarget Inc. Common Stock
TVE,Tennessee Valley Authority
TWO,Two Harbors Investment Corp
TWOA,two Class A Ordinary Shares
TWOU,2U Inc. Common Stock
TXT,Textron Inc. Common Stock
TYDE,Cryptyde Inc. Common Stock
TZOO,Travelzoo Common Stock
UDMY,Udemy Inc. Common Stock
UDR,UDR Inc. Common Stock
UFI,Unifi Inc. New Common Stock
UGI,UGI Corporation Common Stock
UGRO,urban-gro Inc. Common Stock
UHAL,Amerco Common Stock
UI,Ubiquiti Inc. Common Stock
UL,Unilever PLC Common Stock
ULTA,Ulta Beauty Inc. Common Stock
UNIT,Uniti Group Inc. Common Stock
UNM,Unum Group Common Stock
UPH,UpHealth Inc. Common Stock
UPWK,Upwork Inc. Common Stock
UPXI,Upexi Inc. Common Stock
USAU,U.S. Gold Corp. Common Stock
USB,U.S. Bancorp Common Stock
USER,UserTesting Inc. Common Stock
USIO,Usio Inc. Common Stock
UTME,UTime Limited Ordinary Shares
UXIN,Uxin Limited ADS
V,Visa Inc.
VAL,Valaris Limited Common Shares
VALU,Value Line Inc. Common Stock
VAPO,Vapotherm Inc. Common Stock
VATE,INNOVATE Corp. Common Stock
VBNK,VersaBank Common Shares
VCNX,Vaccinex Inc. Common Stock
VCYT,Veracyte Inc. Common Stock
VEON,VEON Ltd. ADS
VERI,Veritone Inc. Common Stock
VERU,Veru Inc. Common Stock
VERY,Vericity Inc. Common Stock
VFC,V.F. Corporation Common Stock
VGZ,Vista Gold Corp Common Stock
VHI,Valhi Inc. Common Stock
VIEWW,View Inc. Warrant
VIIAU,7GC & Co. Holdings Inc. Unit
VITL,Vital Farms Inc. Common Stock
VIVK,Vivakor Inc. Common Stock
VLCN,Volcon Inc. Common stock
VLD,Velo3D Inc. Common Stock
VLDRW,Velodyne Lidar Inc. Warrants 
VLT,Invesco High Income Trust II
VMEO,Vimeo Inc. Common Stock
VRAY,ViewRay Inc. Common Stock
VRM,Vroom Inc. Common Stock
VRME,VerifyMe Inc. Common Stock
VRMEW,VerifyMe Inc. Warrant
VRSN,VeriSign Inc. Common Stock
VSAT,ViaSat Inc. Common Stock
VSEC,VSE Corporation Common Stock
VST,Vistra Corp. Common Stock
VSTM,Verastem Inc. Common Stock
VTEX,VTEX Class A Common Shares
VTR,Ventas Inc. Common Stock
VTRS,Viatris Inc. Common Stock
VTRU,Vitru Limited Common Shares
VTSI,VirTra Inc. Common Stock
VVI,Viad Corp Common Stock
VVNT,Vivint Smart Home Inc. 
VVV,Valvoline Inc. Common Stock
VVX,V2X Inc. Common Stock
VXRT,Vaxart Inc Common Stock
VYNT,Vyant Bio Inc. Common Stock
WALDW,Waldencast plc Warrant 
WAVD,WaveDancer Inc. Common Stock
WBEV,Winc Inc. Common Stock
WDFC,WD-40 Company Common Stock
WEJOW,Wejo Group Limited Warrant
WELL,Welltower Inc. Common Stock
WEX,WEX Inc. common stock
WEYS,Weyco Group Inc. Common Stock
WING,Wingstop Inc. Common Stock
WIT,Wipro Limited Common Stock
WIX,Wix.com Ltd. Ordinary Shares
WKME,WalkMe Ltd. Ordinary Shares
WKSP,Worksport Ltd. Common Stock
WKSPW,Worksport Ltd. Warrant
WLDSW,Wearable Devices Ltd. Warrant
WMT,Walmart Inc. Common Stock
WOLF,Wolfspeed Inc. Common Stock
WORX,SCWorx Corp. Common Stock
WPC,W. P. Carey Inc. REIT
WRK,Westrock Company Common Stock
WSBC,WesBanco Inc. Common Stock
WSO,Watsco Inc. Common Stock
WSO/B,Watsco Inc.
WSR,Whitestone REIT Common Shares
WT,WisdomTree Inc. Common Stock
WULF,TeraWulf Inc. Common Stock
WWD,Woodward Inc. Common Stock
XAIR,Beyond Air Inc. Common Stock
XBIT,XBiotech Inc. Common Stock
XCUR,Exicure Inc. Common Stock
XEL,Xcel Energy Inc. Common Stock
XELB,Xcel Brands Inc. Common Stock
XGN,Exagen Inc. Common Stock
XNCR,Xencor Inc. Common Stock
XOMA,XOMA Corporation Common Stock
XOS,Xos Inc. Common Stock
XOSWW,Xos Inc. Warrants
XP,XP Inc. Class A Common Stock
XPAXU,XPAC Acquisition Corp. Unit
XPEL,XPEL Inc. Common Stock
XPER,Xperi Inc. Common Stock 
XPO,XPO Logistics Inc.
XPON,Expion360 Inc. Common Stock
XWEL,XWELL Inc. Common Stock
XYL,Xylem Inc. Common Stock New
YCBD,cbdMD Inc. Common Stock
YELP,Yelp Inc. Common Stock
YEXT,Yext Inc. Common Stock
YUM,Yum! Brands Inc.
ZD,Ziff Davis Inc. Common Stock
ZEN,Zendesk Inc. Common Stock
ZIMV,ZimVie Inc. Common Stock
ZIVOW,Zivo Bioscience Inc. Warrants
ZOM,Zomedica Corp. Common Shares
ZS,Zscaler Inc. Common Stock
ZTEK,Zentek Ltd. Common Stock
ZTR,Virtus Total Return Fund Inc.
ZUMZ,Zumiez Inc. Common Stock
ZYME,Zymeworks Inc. Common Shares
ZYXI,Zynex Inc. Common Stock
